page_namespace	page_title
0	!
0	!!
0	!!!
0	!!!!!!!
0	!!!Fuck_You!!!
0	!!!Fuck_You!!!_And_Then_Some
0	!!!Fuck_You!!!_and_Then_Some
0	!!!_(!!!_album)
0	!!!_(American_band)
0	!!!_(Chk_Chk_Chk)
0	!!!_(album)
0	!!!_(band)
0	!!!_(disambiguation)
0	!!!_discography
0	!!Destroy-Oh-Boy!!
0	!!Fuck_you!!
0	!!Going_Places!!
0	!!Que_Corra_La_Voz!!
0	!!_(chess)
0	!!_(disambiguation)
0	!'O!Kung
0	!'O!Kung_language
0	!'O-!khung_language
0	!1streadme.txt
0	!=
0	!=ME
0	!=Me
0	!?
0	!?!
0	!?Revolution!?
0	!?_(Interesting_move)
0	!?_(chess)
0	!A_Luchar!
0	!Action_Pact!
0	!Action_pact!
0	!Adios_Amigos!
0	!Alabadle!
0	!Alarma!
0	!Alarma!_(album)
0	!Alarma!_(disambiguation)
0	!Alarma!_(magazine)
0	!Alarma!_Records
0	!Alarma!_magazine
0	!Alfaro_Vive,_Carajo!
0	!All-Time_Quarterback!
0	!All-Time_Quarterback!_(EP)
0	!All-Time_Quarterback!_(album)
0	!Alla_tu!
0	!Ama
0	!Amigos!
0	!Amigos!_(Arrested_Development_episode)
0	!Arriba!
0	!Arriba!_La_Pachanga
0	!Ask_a_Mexican!
0	!Atame!
0	!Ay,_Carmela!_(film)
0	!Ay,_caramba!
0	!BANG!
0	!Bang
0	!Bang!
0	!Bang!_TV
0	!Basta_Ya!
0	!Bastardos!
0	!Bastardos!_(album)
0	!Bastardos_en_Vivo!
0	!Bienvenido,_Mr._Marshall!
0	!Ciauetistico!
0	!Ciautistico!
0	!DOCTYPE
0	!Dame!_!Dame!_!Dame!
0	!Decapitacion!
0	!Dos!
0	!Explora!_Science_Center_and_Children's_Museum
0	!F
0	!Forward,_Russia!
0	!Forward_Russia!
0	!Franchesckaar!
0	!Ga!ne_language
0	!Ga!nge_language
0	!Gã!ne
0	!Gã!ne_language
0	!Gã!nge
0	!Gã!nge_language
0	!HERO
0	!Happy_Birthday_Guadaloupe!
0	!Happy_Birthday_Guadalupe!
0	!Haunu
0	!Haunu_(moon)
0	!Haunu_(satellite)
0	!Hello_Friends!
0	!Hero
0	!Hero_(album)
0	!Hola!
0	!Hola,_Mexico!
0	!Hu_language
0	!Hukwe_language
0	!Hãunu
0	!Hãunu_(satellite)
0	!K7
0	!K7_Music
0	!K7_Records
0	!Karas_Region
0	!Kheis_Local_Municipality
0	!Kheis_Local_Municipality_elections
0	!Khuai_language
0	!Khung_language
0	!Kora
0	!Kora_Wars
0	!Kora_language
0	!Ku_language
0	!Kung
0	!Kung-Ekoka
0	!Kung_Language
0	!Kung_San
0	!Kung_San_people
0	!Kung_language
0	!Kung_languages
0	!Kung_mythology
0	!Kung_people
0	!Kweiten-ta-Ken
0	!Kweiten-ta-ǀǀKen
0	!Kwi
0	!Kwi_language
0	!Kwi_languages
0	!Lander
0	!Mayday!
0	!MuchaLucha!
0	!Mucha_Lucha!
0	!No_Pasaran!
0	!No_pasaran!
0	!O!kung_language
0	!O!un_language
0	!O!ung
0	!O!ung_language
0	!Oh,_Mi_Diosa!
0	!Oh_Gloria_Inmarcesible!
0	!Oid,_Mortales!
0	!Oka_Tokat
0	!Ole_Torme!:_Mel_Torme_Goes_South_of_the_Border_with_Billy_May
0	!Ora_language
0	!Ora_people
0	!Oye_Esteban!
0	!PAUS3
0	!Policia!_-_A_Tribute_To_The_Police
0	!Policia!_-_A_Tribute_to_the_Police
0	!Por_que_no_te_callas!
0	!Q'Viva!:_The_Chosen
0	!Que_Clase_de_Amor!
0	!Que_viva_la_musica!
0	!Quiero_Vivir!
0	!Qué_Clase_de_Amor!
0	!README
0	!Show_Biz_Grande_Explosion!
0	!Showbiz_Grande_Explosion!
0	!Tchkung!
0	!Three_Amigos!
0	!Tierra_y_Libertad!
0	!Tr'e!
0	!Tre!
0	!Ui_languages
0	!Uno!
0	!Vamonos_con_Pancho_Villa!
0	!Vampiros_en_La_Habana!
0	!Vampiros_en_la_Habana!
0	!Vanity_is_a_Sin!
0	!Viva!_Los_Straitjackets
0	!Viva!_Vaughan
0	!Viva_La_Cobra!
0	!Viva_Nueva!
0	!Viva_Zapata!
0	!Viva_los_Muertos!
0	!Vivo_Latino!
0	!WOWOW!
0	!Women_Art_Revolution
0	!Wowow!
0	!Xam_Khomani_Heartland
0	!Xo_language
0	!Xobile
0	!Xoo
0	!Xoo_language
0	!Xoon_language
0	!Xoong_language
0	!Xu
0	!Xu_(god)
0	!Xu_language
0	!Xu_mythology
0	!Xun
0	!Xun_language
0	!Xun_people
0	!Xung_language
0	!Xóõ
0	!Xóõ_language
0	!Xõó
0	!Xũ
0	!Xũ_mythology
0	!Ya_basta!
0	!_!
0	!_(CONFIG.SYS_directive)
0	!_(Cláudia_Pascoal_album)
0	!_(Donnie_Vie_Album)
0	!_(Donnie_Vie_album)
0	!_(IPA)
0	!_(The_Dismemberment_Plan_album)
0	!_(The_Song_Formerly_Known_As)
0	!_(Trippie_Redd_album)
0	!_(Trippie_Redd_song)
0	!_(album)
0	!_(chess)
0	!_(disambiguation)
0	!_(math)
0	!_(mathematics)
0	!_(song)
0	!_Qué_Clase_de_Amor_!
0	!_point
0	!aaaH-aH_,yawA_eM_ekaT_oT_gnimoC_er'yehT
0	!aaaH-aH_,yawA_eM_ekaT_ot_gnimoC_er'yehT
0	!alo,_Presidente!
0	!earshot
0	!f
0	!gau
0	!important
0	!kung
0	!llmind
0	!mpact
0	!mpact_Comics
0	!mpossible
0	!nara
0	!ndigo
0	!ndigoSpirit
0	!ndigokids
0	!ndigotech
0	!readme
0	!vote
0	!xoo
0	!xoo_language
0	!xun_language
0	!xóõ_language
0	!Ô_language
0	!’O-!khung_language
0	"
0	"!"
0	""
0	"""
0	""Chūsotsu"_"Chūkara":_Ebichū_no_Complete_Best
0	"'—And_He_Built_a_Crooked_House—'"
0	"(It)_Feels_So_Good"
0	"-All_You_Zombies-"
0	"-And_He_Built_a_Crooked_House-"
0	"."
0	"...And_Into_the_Fire!"_(フライパン山の牛魔王,_Furaipan_Yama_no_Gyūmaō,_lit._"Gyūmaō_of_Mount_Frypan")
0	"...And_Ladies_of_the_Club"
0	"...Ich_toete_mich_jedesmal_aufs_Neue,_doch_ich_bin_unsterblich,_und_ich_erstehe_wieder_auf;_in_einer_Vision_der_Untergangs..."
0	"...Ich_toete_mich_jedesmal_aufs_Neue,_doch_ich_bin_unsterblich,_und_ich_erstehe_wieder_auf;_in_einer_Vision_des_Untergangs..."
0	"...Ich_tote_mich_jedesmal_aufs_Neue,_doch_ich_bin_unsterblich,_und_ich_erstehe_wieder_auf;_in_einer_Vision_der_Untergangs..."
0	"...Ich_tote_mich_jedesmal_aufs_Neue,_doch_ich_bin_unsterblich,_und_ich_erstehe_wieder_auf;_in_einer_Vision_des_Untergangs..."
0	"...Ich_töte_mich_jedesmal_aufs_Neue,_doch_ich_bin_unsterblich,_und_ich_erstehe_wieder_auf;_in_einer_Vision_der_Untergangs..."
0	"...Ich_töte_mich_jedesmal_aufs_Neue,_doch_ich_bin_unsterblich,_und_ich_erstehe_wieder_auf;_in_einer_Vision_des_Untergangs..."
0	"...The_Truth_Is_a_Fucking_Lie..."
0	"..._And_Ladies_of_the_Club"
0	"10_Years_After"_(そして１０年後,_Soshite_Jūnengo,_lit._"And_After_Ten_Years")
0	"14"
0	"1976_UA"
0	"1_Decembrie_1918"_University,_Alba_Iulia
0	"21_Azer"_Medal
0	"2K1"
0	"300"
0	"30_Something"_Working_Group
0	"40"
0	"40_Licks"_World_tour
0	"47"_The_American_Sign_Language_and_English_Dual_Language_High_School
0	"47"_The_American_Sign_Language_and_English_School
0	"47"_The_American_Sign_Language_and_English_Secondary_School
0	"4_and_4"_encoding
0	"5_Star_Direct_Democracy_Party"
0	"5_and_3"_encoding
0	"6_and_2"_encoding
0	"9-9-9"_plan
0	"900",_Cahiers_d'Italie_et_d'Europe
0	"90th_Anniversary_of_the_Armed_Forces_of_Azerbaijan_(1918-2008)"_Medal
0	"90th_Anniversary_of_the_Armed_Forces_of_Azerbaijan_(1918–2008)"_Medal
0	"95th_Anniversary_of_Azerbaijani_Armed_Forces_(1918-2013)"_Jubilee_Medal
0	"95th_Anniversary_of_Azerbaijani_Armed_Forces_(1918-2013)"_Medal
0	"95th_Anniversary_of_the_Armed_Forces_of_Azerbaijan_(1918-2013)"_Medal
0	"95th_Anniversary_of_the_Armed_Forces_of_Azerbaijan_(1918–2013)"_Medal
0	"99"_(Barns_Courtney_song)
0	"9–9–9"_plan
0	"@"
0	"@"_(album)
0	"A"
0	"A"_(Usher_album)
0	"A"_(album)
0	"A"_-_You're_Adorable
0	"A"_Device
0	"A"_Fort_and_Battery_Hill_Redoubt-Camp_Early
0	"A"_Is_for_Alibi
0	"A"_Street
0	"A"_Vancouver
0	"A"_Vancouver_Island
0	"A"_Victoria
0	"A"_You're_Adorable
0	"A"_You're_Adorable_(The_Alphabet_Song)
0	"A"_device
0	"A"_is_for_Alibi
0	"A,"_My_Name_is_Alex
0	"A,"_My_Name_is_Alex_-_Parts_I_&_II
0	"A,"_My_Name_is_Alex_–_Parts_I_&_II
0	"A970"
0	"AKA_Ladies_Night"
0	"ATB"_Tanneberger
0	"A_Cross_Line"
0	"A_Doughnut_in_Both_Hands"
0	"A_Human_Algorithm"
0	"A_Little_Boy_Lost"
0	"A_More_Perfect_Union"_speech
0	"A_Night_in_Malnéant"
0	"A_Short_Vision"
0	"A_Time_for_Choosing"
0	"Aarfy"_Aardvark
0	"Aaron_Watkin"
0	"Abd_el-Gilil
0	"Abd_el-Gilîl
0	"Abe"_Martin
0	"Able"_Mable_Thomas
0	"Abu_Mosa"
0	"Academic_Freedom_and_Apartheid"
0	"Ace_Cowboy"_Orton
0	"Acts_1:1"
0	"Adult_onset"_immunodeficiency_syndrome
0	"Afghan"_cameleers_in_Australia
0	"After_Awhile"
0	"Agathis"_jurassica
0	"Ain't_I_a_stinker"
0	"Ain't_gonna_jump_no_more"
0	"Air"_from_Johann_Sebastian_Bach's_Orchestral_Suite_No._3
0	"Akio_Matsubara"
0	"Al-Kuliya_Al-Askariya_Al-Malikiya"
0	"Al._I._Cuza"_University
0	"Alaska_back_to_Russia"_petitions_for_secession
0	"Alecu_Russo"_State_University_of_Balti
0	"Alecu_Russo"_State_University_of_Bălţi
0	"Alecu_Russo"_State_University_of_Bălți
0	"Alex_Austin"
0	"Alfalfa"_Switzer
0	"Alfalfa_Bill"_Murray
0	"Algorithmic_dystopia"
0	"Alias"_(2013_film)
0	"Alkali"_Ike's_Auto
0	"All-in"_professional_wrestling
0	"All-in"_wrestling
0	"All_About_That_Bass"
0	"All_God's_Children"_Campaign
0	"All_My_Friends"
0	"All_You_Zombies--"
0	"All_men_are_created_equal"
0	"Alliance_for_Unity"
0	"Alpha_Delta_Alpha"
0	"Amanat"_Commonwealth_of_Trade_Unions
0	"America"
0	"America's_Crusaders"
0	"America_in_One_Room"
0	"Amigo"_(Roberto_Carlos_song)
0	"Ampere_North"
0	"And_you_are_lynching_Negroes"
0	"Angel"
0	"Anne_Christina_Hogue"
0	"Anne_Christina_Hogue_"
0	"Anomalocaris"_briggsi
0	"Anonymous"_anti-Scientology_protests
0	"Antonio_Hernández-Gil"_Young_Lawyers_Award
0	"Anzac"_(Restriction_on_Trade_Use_of_Word)_Act_1916
0	"Aphrodite's_Sanctuary"_Cycling_Race
0	"Archaeological_Museum_of_Iran"
0	"Arena"_(short_story)
0	"Arigatou"_(Sekai_no_Doko_ni_Ite_mo)
0	"Arigatō"_(Sekai_no_Doko_ni_Ite_mo)
0	"Arigatō"_(Sekai_no_Doko_ni_Itemo)
0	"Arizona"_Charlie_Meadows
0	"Arizona_Weekly_Journal"
0	"Armavia"
0	"Armavia"_Air_Company
0	"Arsenal_of_Democracy"
0	"Arthur_James_Faulkner"
0	"As_Maine_goes,_so_goes_the_nation"
0	"As_the_Old_Sing,_So_Pipe_the_Young"_(Jan_Steen)
0	"Asikkala_orthohantavirus"
0	"Audley_Dean_Nicols"
0	"Aunt_Jemima"
0	"Ausf._A"
0	"Awaken,_My_Love!"
0	"Away_with_the_learning_of_clerks,_away_with_it!"
0	"Awesome"
0	"Axis_of_evil"
0	"B"_Is_for_Burglar
0	"B"_Movie
0	"B"_is_for_Burglar
0	"B"_pictures
0	"B"_plays_-_ISIRTA
0	"B"_plays_-_ISIRTA_Plays
0	"B"_reader
0	"B-Stupid"
0	"Bab"_Ballads
0	"Babbacombe"_Lee
0	"Babbacombe"_Lee_(album)
0	"Babe"_Didrickson_Zaharias
0	"Baby"_Franklin_Seals
0	"Baby_Face"_Leroy_Foster
0	"Baby_Lloyd"_Stallworth
0	"Baby_Lollipops"_Murder
0	"Baby_Lollipops"_murder
0	"Back_to_the_Future"_Shoes
0	"Bad_Ass"_Billy_Gunn
0	"Bad_Blood"_(Taylor_Swift_song)
0	"Bad_News"_Barnes
0	"Bad_News"_Barnes_(disambiguation)
0	"Badd_Ass"_Billy_Gunn
0	"Bairy"_function
0	"Baldy"_Pevsner
0	"Balls_Deep"
0	"Bandit"_Keith_Howard
0	"Bank_of_the_Cook_Islands"
0	"Barbecue_Bob"_Hicks
0	"Baron"_Lamm
0	"Baru"_huberi
0	"Basket_of_deplorables"
0	"Bassy"_Bob_Brockmann
0	"Baynes_Mountains"
0	"Bayraktar"_class_LST
0	"Baytaq"_Green_Party_of_Kazakhstan
0	"Bazooka"_Burns
0	"Bazooka"_Gomez
0	"Bazooka"_Limon
0	"Beacon_Productions"
0	"Bear"
0	"Bear"_Ellice
0	"Bear_in_the_woods"
0	"Beat"_Takeshi_Kitano
0	"Beautiful"_Bobby_Eaton
0	"Beautiful_Portrait,_The_Queen"
0	"Beetlejuice"_Art_Barr
0	"Beevor,_Anthony"
0	"Believing_Women"_in_Islam
0	"Believing_Women"_in_Islam._Unreading_Patriarchal_Interpretations_of_the_Qur'an
0	"Believing_Women"_in_Islam._Unreading_Patriarchal_Interpretations_of_the_Qur'ān
0	"Believing_Women"_in_Islam:_Unreading_Patriarchal_Interpretations_of_the_Qur'an
0	"Benito_Juarez"_Autonomous_University_of_Oaxaca
0	"Benito_Juarez"_University
0	"Benito_Juárez"_Autonomous_University_of_Oaxaca
0	"Benito_Juárez"_University
0	"Benjamin_F._Montoya"
0	"Bentham_Works"
0	"Bernardino_Vitali"
0	"Bert_L._Stafford"
0	"Beta_Psi"
0	"Betray_Us"
0	"Betray_us"
0	"Bhagavad_Gita_As_It_Is"_trial_in_Russia
0	"Big"_Ben_Bowen
0	"Big"_Brian_Subich
0	"Big"_Donnie_MacLeod
0	"Big"_Ethel_Muggs
0	"Big"_Jack_Horner
0	"Big"_Jim_Harris
0	"Big"_Jim_Martin
0	"Big"_Jim_Tinndahn
0	"Big"_John_McCarthy
0	"Big"_John_Merritt
0	"Big"_John_Thomas
0	"Big"_Minh
0	"Big"_Mitch_Baker
0	"Big"_Paul_Williams
0	"Big"_Ron
0	"Big"_Ron_O'Brien
0	"Big_Ben"_Bowen
0	"Big_Ben"_Bowen_Highway
0	"Big_Bill"_Haywood
0	"Big_Bill"_Lister
0	"Big_Boy"_Caprice
0	"Big_Boy"_Teddy_Edwards
0	"Big_Boy"_Williams
0	"Big_Chief"_Russell_Moore
0	"Big_Daddy"_Garlits
0	"Big_Five"_factors
0	"Big_Jim"_Folsom
0	"Big_John"_Merritt
0	"Big_Mama"_Thornton
0	"Big_Nick"_Nicholas
0	"Big_Six"_cricket_dispute_of_1912
0	"Big_Train"_Lionel_Conacher
0	"Big_Willie"_Robinson
0	"Bigg_Dave"_Threlkeld
0	"Binders_full_of_women"
0	"Birds_and_Worms"_style
0	"Black_Angel"_Jaki_Numazawa
0	"Black_Harry"_Hosier
0	"Black_Sam"_Bellamy
0	"Black_Swan"_Funds
0	"Blind"_Lemon_Jefferson
0	"Blind"_Ābǐng
0	"Blind_Boss"_Buckley
0	"Blind_Lemon"_Jefferson
0	"Blind_Willie"_McTell
0	"Blood,_toil,_tears_and_sweat"
0	"Bloody_Mary"_(song)
0	"Blue"_Gene_Tyranny
0	"Blue"_Lou_Marini
0	"Blue"_Piano_concerto
0	"Blue_Bus"_lines
0	"Bob"
0	"Bomber"_Harris
0	"Bomber"_Pat_Roach
0	"Bonecrusher"_Fred_Sampson
0	"Bonesetter"_Reese
0	"Boogie_Bill"_Webb
0	"Boom_Boom"_Geoffrion
0	"Boom_Boom"_Mancini
0	"Boomer"_Walkem
0	"Boomstick"_Wilson
0	"Borax"_Smith
0	"Boss"_Johnson
0	"Boss"_Tweed
0	"Boss"_Yoovidhaya
0	"Boss"_Yoovidhya
0	"Boys_Like_You"
0	"Boys_are_stupid,_throw_rocks_at_them!"_controversy
0	"Brachiosaurus"_nougaredi
0	"Brasil"_Kaffeefilter
0	"Brasil"_coffee_filter
0	"Breaking_the_Chains"
0	"Bregs"
0	"Bring_Us_Together"
0	"British_scientists"
0	"Broncho_Billy"_Anderson
0	"Broncho_Charlie"_Miller
0	"Bronco"_Montano
0	"Bronco"_Montaño
0	"Bronco"_Venegas
0	"Brother"_Paul_Brown
0	"Brother_Dave"_Gardner
0	"Brotulotaenia_crassa"
0	"Bruce_A._Larson"
0	"Bruin_Theater"
0	"Bruno"_Wu_Zheng
0	"Brutal"_Bob_Evans
0	"Bubba"_Chaney
0	"Bubba"_Harris
0	"Buckskin"_Frank_Leslie
0	"Buckskin"_Leslie
0	"Buckwheat"_Thomas
0	"Buddy"_Cianfrani
0	"Buddy"_Sorrell
0	"Bufo"_scorteccii
0	"Bugs"_Moran
0	"Built_Ford_Tough"_Offensive_Line_of_the_Year
0	"Bulldog"_Ben_Robinson
0	"Bulldog"_Don_Kent
0	"Bullet"_Bob_Armstrong
0	"Bullet"_Bob_Hayes
0	"Bund"_in_Latvia
0	"Buried_Treasure"_Featuring_Eveready_Harton
0	"Burning"_(Maria_Arredondo_song)
0	"Buster"_Collier
0	"Buster"_Collier,_Jr.
0	"Buster"_Collier_Jr.
0	"Buster"_Keaton
0	"Buster"_Kilrain
0	"Busy"_Arnold
0	"But"_Hits_Alliance
0	"Butch"_Gautreaux
0	"Butch"_Jenkins
0	"Buy_now,_pay_later"
0	"Buzz!!"_The_Movie
0	"Buzz"_Boyd_David_Wagner
0	"Buzz"_Merritt
0	"Buzzy"_Dee_Henry
0	"By"_Dunham
0	"C"_Is_for_(Please_Insert_Sophomoric_Genitalia_Reference_HERE)
0	"C"_Is_for_(Please_Insert_Sophomoric_Genitalia_Reference_Here)
0	"C"_Is_for_C*nt
0	"C"_Is_for_Corpse
0	"C"_device
0	"C"_is_For_(Please_Insert_Sophomoric_Genitalia_Reference_Here)
0	"C"_is_for_(Please_Insert_Sophomoric_Genitalia_Reference_HERE)
0	"C"_is_for_Corpse
0	"C"_plays_-_ISIRTA
0	"C"_word
0	"C.Y."_Leung_Chun-ying
0	"C_A_Hogarth"
0	"Cactus"_Jack_Wells
0	"Caesarian"_Roman_army
0	"Caliban's_Dream"
0	"Calico_Jack"_Rackham
0	"Called_Up_Sent_Down":_The_Bevin_Boys'_War
0	"Can't_Get_Enough"
0	"Can't_happen"_condition
0	"Cannabis_afghanica"
0	"Cannonball"_Richards
0	"Cannonball"_Taylor
0	"Canon"
0	"Canossian_Sisters_of_Charity"
0	"Capital_letters"_argument
0	"Captain"_John_West
0	"Captain_Tom"_Mathis
0	"Cargo_and_Blood"_proposal
0	"Carl_M._Cannon"
0	"Carlo"_gun
0	"Carolina_López-Ruiz"
0	"Carolingian_system"
0	"Casa_del_Centenario"
0	"Case_Spring"
0	"Casey"_Vincent
0	"Cash_and_Carry"_Pyle
0	"Caspian"_airlines
0	"Cassia_and_Orchid"_amulet
0	"Cassia_and_Orchid"_amulets
0	"Cassia_and_Orchid"_charm
0	"Cassia_and_Orchid"_charms
0	"Cassia_and_Orchid"_coin
0	"Cassia_and_Orchid"_coins
0	"Cassius"_Love_Vs._"Sonny"_Wilson
0	"Cassius"_Love_vs._"Sonny"_Wilson
0	"Cat"_Yronwode
0	"Cat_in_the_box"
0	"Cavalleggeri_Guide"_Squadrons_Group
0	"Cavalleggeri_di_Alessandria"
0	"Cavalleggeri_di_Lodi"_Squadrons_Group
0	"Cavalleggeri_di_Monferrato"
0	"Cavalleggeri_di_Saluzzo"
0	"Cavalleggeri_di_Saluzzo"_Squadrons_Group
0	"Caveman"_Williams
0	"Ce"_Frontal_Group
0	"Celine"_-_Live_in_Las_Vegas
0	"Cemetery_Road"_Lye,_West_Midlands
0	"Central_New_York_Regional_Market"
0	"Centrolene"_acanthidiocephalum
0	"Centrolene"_azulae
0	"Centrolene"_guanacarum
0	"Centrolene"_medemi
0	"Centrolene"_petrophilum
0	"Centrolene"_quindianum
0	"Centrolene"_robledoi
0	"Chabuakiani-Balanchine"_Ballet_Art_Festival
0	"Chabuakiani-Balanchine"_Festival
0	"Chabuakiani-Balanchine"_International_Ballet_Art_Festival
0	"Chabuakiani-Balanchine..."_Ballet_Art_Festival
0	"Chabuakiani-Balanchine..."_Festival
0	"Chabuakiani-Balanchine..."_International_Ballet_Art_Festival
0	"Chainsaw_Al"_Dunlap
0	"Chaireas"
0	"Chaireas_and_Kallirhoe"
0	"Chameria"_battalion
0	"Check_Engine"_Light
0	"Cherrylog_Road"_by_James_Dickey
0	"Cheung_Kwok_Ming"
0	"Chi-squared"_test
0	"Chic"_Sale
0	"Chick"_Sale
0	"Chief_of_Staff"_Orlando_Jordan
0	"Children's_March:_Over_the_Hills_and_Far_Away"
0	"Chinese"_Walter
0	"Chinese_Overseas_Friendship_Association"
0	"Ching-Min_Chen"
0	"Chip"_Luter
0	"Chisinau"_airport
0	"Chlorobactane"
0	"Choose_Life"_license_plates
0	"Chota"_Char_Dham
0	"Christian_Tămaș"
0	"Christmas_Eve_(Sarajevo_12/24)"
0	"Christmas_Tree"_list
0	"Christmas_tree"_files
0	"Christmas_tree"_list
0	"Christopher_Kearney"
0	"Chunky"_Lee_Chong
0	"Chusotsu"_"Chukara"
0	"Château_de_Montespieu"
0	"Chūkara":_Ebichū_no_Waku_Waku_Best
0	"Chūsotsu":_Ebichū_no_Ike_Ike_Best
0	"Chūsotsu"_"Chūkara"
0	"Ciao_Adios"
0	"Cigar"_Daisey
0	"Ciutat_de_Tarragona"_International_Award_for_Musical_Composition
0	"Ciutat_de_Tarragona"_International_Composition_Competition
0	"Civilized"_Sexual_Morality_and_Modern_Nervous_Illness
0	"Classic"_Mac_OS
0	"Classy"_Freddie_Blassie
0	"Classy"_Freddy_Blassie
0	"Clay_Keyes"
0	"Clinton_and_Nadine"
0	"Cloudberry_Jam"
0	"Coal_Pollution_Mitigation"
0	"Cochise"_(cyclist)
0	"Cochranella"_duidaeana
0	"Cochranella"_euhystrix
0	"Cochranella"_geijskesi
0	"Cochranella"_megista
0	"Cochranella"_ramirezi
0	"Cochranella"_riveroi
0	"Cochranella"_xanthocheridia
0	"Cockeyed"_Frank_Loving
0	"Coconut_Woman"
0	"Coelosaurus"_antiquus
0	"Coin"_Harvey
0	"Colonel"_George_Tomline
0	"Colonel"_Tom_Parker
0	"Colostethus"_poecilonotus
0	"Colostethus"_ruthveni
0	"Comandanta"_Ramona
0	"Come_On,_Let's_Go"
0	"Comedy_Time"_Ganesh
0	"Comes_With_Music"
0	"Comités_de_Défense_de_la_Révolution"
0	"Commando"_Kelly
0	"Communist_Revolution"_Committee_for_the_Formation_of_the_Marxist-Leninist_Party
0	"Compagnies_Land"
0	"Conan"_Chris_Walker
0	"Congarees"_Site
0	"Conny"_Varela
0	"Conscience"_whigs
0	"Consort_Ui"
0	"Corpsegrinder"_Fisher
0	"Costs_Follow_the_Event"
0	"Cotton_ceiling"
0	"Coughs_and_sneezes_spread_diseases"
0	"Country"_Johnny_Mathis
0	"Country"_Winston_Marshall
0	"Couples"
0	"Couples"_(album)
0	"Courrier_de_Lyon"_case_(The)
0	"Cousin_Vinny"_Agnello
0	"Cowboy"_Bill_Watts
0	"Cowboy"_Bob_Orton
0	"Cowboy"_Bret_Hart
0	"Cowboy"_Dan_Kroffat
0	"Cowboy"_James_Storm
0	"Cowboy"_Jimmy_Moore
0	"Cowboy"_Lloyd_Copas
0	"Cowboy"_Ron_Reed
0	"Cowboy"_chord
0	"Crash"_Corrigan
0	"Cray"_pointer
0	"Crazy"_Brown
0	"Crazy"_Joe_Davola
0	"Crazy"_Luke_Williams
0	"Crazy"_Sam_Shockley
0	"Crazy"_Shagdar
0	"Crazy"_Steve
0	"Crazy_Joey"_Gallo
0	"Crazy_Legs"_Conti
0	"Creatures_That_Once_Were_Men"
0	"Creep_(Very_2021_Rmx)"
0	"Creesh"
0	"Creesh"_Hornsby
0	"Crimson_Beech,_The"_(Cass_House)
0	"Crocodile"_Dundee
0	"Crocodile"_Dundee_2
0	"Crocodile"_Dundee_II
0	"Crocodylus"_acer
0	"Crocodylus"_affinis
0	"Crocodylus"_gariepensis
0	"Crocodylus"_megarhinus
0	"Crocodylus_acer"
0	"Crouch_End_Hill
0	"Crusher"_Jerry_Blackwell
0	"Cry_Of_Love"_tour
0	"Cuba"
0	"Cuddles"_Sakall
0	"Cuevavirus"
0	"Curly"_Jones
0	"Curly_Bill"_Brocious
0	"D"_Is_for_Deadbeat
0	"D"_is_for_Deadbeat
0	"D"_plays_-_ISIRTA
0	"D'oh!"
0	"DTC_-Yukemuri_Junjou_Hen-_from_High&Low"
0	"Dale_Bailey"
0	"Damned_Good_Airplane-3"
0	"Dangerous"_Damon_Leigh
0	"Dangerous"_Dana_Rosenblatt
0	"Dangerous"_Danny_Spivey
0	"Dangerous"_Devon_Storm
0	"Dark_Water"_(Doctor_Who)
0	"Dashing"_Cody_Rhodes
0	"Dashing"_Cody_Rhodes_&_Drew_McIntyre
0	"Data_Carpentry"
0	"Dave_Miller_Set"
0	"David_(inspired_by_Michelangelo)"
0	"David_Beauchamp"
0	"David_C._Shanks"
0	"David_Hockney:_A_Bigger_Picture"_in_Bilbao
0	"David_Joseph_Saposs"
0	"David_Schipper"
0	"David_Whitehouse"
0	"Davorin"_Bosnian_Music_Awards
0	"Day_of_Affirmation"_Address
0	"Day_of_Affirmation"_Speech
0	"Dead"_Larry_Sizemore
0	"Dead-Red"_Canal
0	"Deadly"_Headley_Bennett
0	"Dean_Harry"
0	"Dear_Boss"_letter
0	"Dear_Darling"
0	"Dear_Theodosia"
0	"Death_panel"
0	"Death_panel"_myth
0	"Deborah_Hutchison"
0	"Deep_in_a_Dream"
0	"Defender_of_the_Motherland"_Medal
0	"Deji"_Meets_Girl
0	"Delta_rays"
0	"Democracy_at_Home"_Party
0	"Democracy_at_Home"_Political_Party
0	"Demons"
0	"Demons"_(band)
0	"Derby"_Hardy
0	"Derner_Institute"
0	"Desert_Crossing"_1999
0	"Detroit"_Gary_Wiggins
0	"Detroit_City"_and_Other_Hits_by_Bobby_Bare
0	"Devious"_Diesel
0	"Dewey_Defeats_Truman"
0	"Dharm_Dev_Kashyap"
0	"Diamond"_Freddie_Wheldon
0	"Diamond"_Jim_Brady
0	"Diamond_Jim"_Brady
0	"Digger"_Phelps
0	"Digital_socialism"
0	"Dimebag"_Darrell_Abbott
0	"Dimitrie_Cantemir"_Christian_University
0	"Ding"_Darling
0	"Dino"_Don_Lessem
0	"Dinosaur"_Ryuzaki
0	"Dirk"_Fischer
0	"Dirty"_Dango
0	"Dirty"_Dick_Slater
0	"Dirty"_Dingus_McDuck
0	"Dirty"_Dominik_Mysterio
0	"Dirty_Dirk"_Fischer
0	"Dirty_Talk"
0	"Disco"_La_Passione
0	"Dixeya"_nasuta
0	"Dizzy"_Gillespie
0	"Dnipro-1"_Special_Tasks_Patrol_Police_Battalion
0	"Dnipro-2"_Territorial_Defense_Battalion
0	"Do_It_Yourself"
0	"Do_Not_Disturb"_sign
0	"Do_You_Love_Me?"_/_"The_Genie"
0	"Do_not_buy_Russian_goods!"_movement
0	"Do_not_disturb"_sign
0	"Doc"_Coombs
0	"Doc"_Hines
0	"Doc"_Holliday
0	"Doc"_Lipes
0	"Doc"_Lowndes
0	"Doc"_Paskowitz
0	"Doc"_Shiels
0	"Doc"_Smith
0	"Doctor_Death"_Steve_Williams
0	"Doctor_Who:_Dreamland"
0	"Doctor_Who:_Dreamland"_....
0	"Dog"_Chapman
0	"Dolly"_King
0	"Don't_Be_Sad"
0	"Don't_Let_The_Rain_Come_Down"
0	"Don't_Look_Now"
0	"Don't_Turn_Around"_(Album)
0	"Don't_Wanna_Cry"_(Seventeen_song)
0	"Don't_care"_condition
0	"Don't_throw_the_baby_out_with_the_bathwater"
0	"Don_River_Park"
0	"Done_Too_Soon"
0	"Double_Cup"
0	"Doug"_Dugger
0	"Downtown"_Denny_Brown
0	"Downtown_Community_School"
0	"Dr._Ben/Nick"
0	"Dr._Death"_Steve_Williams
0	"Dr_Death"_Steve_Williams
0	"Dragon_Ball_−(Minus):_The_Departure_of_the_Fated_Child"_((マイナス)_放たれた運命の子供,_−(Mainasu):_Hanatareta_Unmei_no_Kodomo)
0	"Dragons"_armchair
0	"Drug-liking"
0	"Drug_Liking"
0	"Dry"_aluminium_capacitor
0	"Dry"_aluminum_capacitor
0	"Dry"_electrolytic_capacitor
0	"Dryosaurus"_grandis
0	"Drăgan"_European_University_of_Lugoj
0	"Duffy"_Lyon
0	"Duke"_Mathews
0	"Dukes_of_Sotomayor"
0	"Dulcinea"_(The_Expanse)
0	"Dumky"_Trio
0	"Dungeons_&_Dragons"
0	"Dungeons_and_Dragons"
0	"Dusty"_Johnson
0	"E"_Is_for_Ever
0	"E"_Is_for_Evidence
0	"E"_is_for_Evidence
0	"E"_plays_-_ISIRTA
0	"E.T.I._(Extra_Terrestrial_Intelligence)"
0	"EWCA_Civ"
0	"Earls_Court_Square"
0	"Earthquake"_John_Tenta
0	"Easy"_Eddie_O'Hare
0	"Eat_the_rich"
0	"Eddie"_Hermida
0	"Edinburgh_Science_Triangle"
0	"Edinstvo"_Committee
0	"Editions_Présence_Africaine"
0	"Edward_Huebsch"
0	"Edward_Thwing"
0	"Eiko-Film"
0	"El_Bronco"_Montano
0	"El_Bronco"_Montaño
0	"El_Bronco"_Venegas
0	"El_Charro"_Gil
0	"El_Monje"
0	"El_Puma"_Carranza
0	"El_Shaab"
0	"El_mono_Hernandez"_Cork_Forest_Flora_and_Fauna_Sanctuary
0	"El_mono_Hernández"_Cork_Forest_Flora_and_Fauna_Sanctuary
0	"Eldorado"_(Boardwalk_Empire)
0	"Electrification_and_Controls"
0	"Elegant"_Elliot_Offen
0	"Elena_Plastinina"
0	"Eleutherodactylus"_bilineatus
0	"Ellen_Van_Dijk"
0	"Ellerman_Wilson_Line"
0	"Ellis_Ludwig-Leone"
0	"Elvis_has_left_the_building"
0	"Emile_Bin"
0	"Emilia_Plater"_Independent_Women's_Battalion
0	"Emmuska"_Orczy
0	"Emotional_promiscuity"
0	"Emperor_Haute_Couture"
0	"En_ledig_dag"
0	"Encore,_Robeson!"
0	"Enemy_at_the_Gate"_(Fraiser)
0	"EntrezGene_=_745"
0	"EntrezGene_=_8821"
0	"Erich_Saling"
0	"Ernst_Busch"_Academy_of_Dramatic_Art
0	"Es_reiten_die_Toten_so_schnell"_(or:_the_Vampyre_sucking_at_his_own_Vein)
0	"Esa_Pekka_Salonen"
0	"Eugene_T._Rossides"
0	"Eugène_Peters"
0	"European_Moldova"_Assembly
0	"European_Moldova"_National_Assembly
0	"European_Society_for_Clinical_Investigation"
0	"European_common_lizard"
0	"Evangelos_Florakis"_Navy_Base_explosion
0	"Evel"_Dick_Donato
0	"Everyday,_Kachūsha"
0	"Everything"_Bagel
0	"Everything_For_the_Country"_Party
0	"Everything_For_the_Fatherland"_Party
0	"Everything_For_the_Motherland"_Party
0	"Evil"_Dick_Donato
0	"Evil"_J._McGuire
0	"Evil_corporation"
0	"Ewart_Guinier"
0	"Excellent…"
0	"Existential"_Angst
0	"Extraterrestrial_technological_civilizations"
0	"Eyal_Benvenisti"
0	"Eyres_House",_Soldiers_Hill,_Ballarat
0	"F"_Is_for_Fugitive
0	"F"_is_for_Fugitive
0	"F"_word
0	"F._Morosini"_Military_Naval_School
0	"FF.SS."_-_Cioe:_"...che_mi_hai_portato_a_fare_sopra_a_Posillipo_se_non_mi_vuoi_piu_bene?"
0	"FF.SS."_-_Cioè:_"...che_mi_hai_portato_a_fare_sopra_a_Posillipo_se_non_mi_vuoi_più_bene?"
0	"FF.SS."_–_Cioe:_"...che_mi_hai_portato_a_fare_sopra_a_Posillipo_se_non_mi_vuoi_piu_bene?"
0	"FF.SS."_–_Cioè:_"...che_mi_hai_portato_a_fare_sopra_a_Posillipo_se_non_mi_vuoi_più_bene?"
0	"FMFY"
0	"FORD_TO_CITY:_DROP_DEAD."
0	"Fabulous"_Frank_Ott
0	"Failure_is_not_an_option"
0	"Fairytale_(Let_Me_Live_My_Life_This_Way)"
0	"Faith_and_deeds"
0	"Fake"_Diesel
0	"Fake"_Razor_Ramon
0	"Fall_of_Because"
0	"Falling_In"_(Lifehouse_song)
0	"False_positives"_scandal
0	"Famous"_Jameis_Winston
0	"Famous_Ward_Singers"
0	"Fancy_Pants"_(The_Angry_Beavers)
0	"Farmer"_Burns
0	"Fast"_Eddie_Clarke
0	"Fast"_Eddie_Hoh
0	"Fast_Eddie"_Clarke
0	"Fat_Dom"_Gamiello
0	"Fatal_Transmission"
0	"Father"_David_Rice
0	"Father"_Dyer
0	"Fats"_Domino
0	"Fatty"_Arbuckle
0	"Fatty"_George
0	"Feel_Flows"_The_Sunflower_&_Surf’s_Up_Sessions_1969-1971
0	"Fessa"_John_Hook
0	"Feţele_Albe"_castra
0	"Fido"-Fido_theory
0	"Field-weighted_citation_impact"
0	"Field_Weighted_Citation_Impact"
0	"Field_weighted_citation_impact"
0	"Fighter_Pilots'_Revolt"_incident
0	"Fighting_Bob"_La_Follette
0	"Fire"_in_a_crowded_theater
0	"Fire"_in_a_crowded_theatre
0	"First_they_came..."
0	"Fish_Alive"_20min.,_1_Sequence_by_6_Songs_Sakanaquarium_2009_@_Sapporo
0	"Fish_Alive"_30min.,_1_Sequence_by_6_Songs_Sakanaquarium_2009_@_Sapporo
0	"Five_stars_rise_in_the_East"_arm_protector
0	"Five_stars_rising_in_the_East"_armband
0	"Flash"_Morgan_Webster
0	"Flirt"_book
0	"Florida_Keys"
0	"Fluff"_Freeman
0	"Foghorn"_Winslow
0	"Follow_the_money"
0	"For_Faultless_Service"_medal
0	"For_Heroism"_Medal
0	"For_a_Democratic_and_Prosperous_Moldova"_Electoral_Bloc
0	"For_service_to_the_Fatherland"_Order
0	"For_services_in_the_field_of_military_co-operation"_medal
0	"Foreign_Children"_by_Robert_Louis_Stevenson
0	"Forty_Mile_Colony"
0	"Four_Points_in_American_Lutheranism"
0	"Fourth_Plinth"_exhibition
0	"Fractal_derivative"
0	"Francis_Routh"
0	"Franciscan_Press"
0	"Frank_Einstein"
0	"Frank_L._Culin_Jr."
0	"Frantic"_Fay_Thomas
0	"Fred_Seibert"_Cartoon_Shorts_Discography
0	"Fred_the_Clown"
0	"Frederic_P._Miller"
0	"Free_Albania"_National_Committee
0	"Free_Roman_Polanski"_Petition
0	"Freedom_of_Russia"_Legion
0	"Freeport"
0	"Freeway"_Rick_Ross
0	"Freida_Garcia"
0	"French_resistants"
0	"Frequency_sweep"
0	"From_Dan_to_Beersheba"
0	"From_Hell"_letter
0	"Fruits_of_Philosophy"
0	"Fuck_the_Draft"
0	"Fulton_Street_subway"
0	"Funds_forwarding"_scheme
0	"Fuzzy"_St._John
0	"Fútbol_Americas"
0	"G"_Division
0	"G"_Division_DMP
0	"G"_Is_for_Gumshoe
0	"G"_Men
0	"G"_is_for_Gumshoe
0	"GAZ_Group
0	"GDD_CUP"_International_Challenger_Guangzhou
0	"GEC_Research"
0	"GaI"
0	"Ga_Masemola"
0	"Gabby"_Hayes
0	"Galway_Joe"_Dolan
0	"Gastón_Gabriel_Mansilla_Yupanqui"
0	"Geelong_and_Dutigalla_Association
0	"Gelignite_Jack"_Murray
0	"GenBank_database"
0	"General"_Julian_Carr
0	"Generalissimo_Francisco_Franco_is_still_dead"
0	"Gentleman"_Chris_Adams
0	"Gentleman"_Ed_Francis
0	"Gentleman"_John_Jackson
0	"Gentleman"_Johnny_Marcone
0	"Gentleman"_Saul_Weingeroff
0	"Gentleman_Jim"_Corbett
0	"George_Boon"
0	"George_Frederick_Harry_Forsyth"
0	"George_Simenon"
0	"Georgia_Mental_Health_Institute"
0	"Get_Morebooks!"
0	"Ghastly"_Graham_Ingels
0	"Gheorghe_Asachi"_University
0	"Giant"_Ron_Reis
0	"Giant_Ochiai",_Takayuki_Okada
0	"Giant_Ochiai"_Takayuki_Okada
0	"Giant_sucking_sound"
0	"Gifted"_Glen_Gilberti
0	"Gigolo"_Jimmy_Del_Ray
0	"Gimlet"
0	"Giovanni_Camillo_Glorioso"
0	"Giuseppe_Dal_Ben"_Ski_Jump_Arena
0	"Giuseppe_Dal_Ben"_Ski_Jumping_Arena
0	"Give_Thanks_to_Chank"
0	"Give_me_liberty,_or_give_me_death!"
0	"Gizmo"_Williams
0	"Gjergj_Kastrioti_Skënderbeu"_Decoration
0	"Gjergj_Kastrioti_Skënderbeu"_Decoration_(1996-)
0	"Gjergj_Kastrioti_Skënderbeu"_Decoration_(1996–)
0	"Global_Thai"
0	"Glozel_est_Authentique!"
0	"Glyn_Garth"
0	"Go_Away"
0	"Go_Home"_vans
0	"Go_ahead,_make_my_day"
0	"God_Is_Being_Born"
0	"Gods_of_Jade_and_Shadow"
0	"Golden_Apricot"_International_Film_Festival
0	"Golden_Boy"_Danny_Spivey
0	"Golden_Rule"_Jones
0	"Golf_de_Saint-Cloud"
0	"Good_Day,_Fellow!"_"Axe_Handle!"
0	"Good_Hair"_and_Other_Dubious_Distinctions
0	"Good_Hair"_and_other_Dubious_Distinctions
0	"Good_Hair"_and_other_Dubious_Distinctions_(movie)
0	"Good_Intentions_(Toad_the_Wet_Sprocket_song)
0	"Good_Luck,_Father_Ted"
0	"Good_Relations"
0	"Good_day,_fellow!"_"Axe_handle!"
0	"Goose"_Tatum
0	"Gorgeous"_George_Wagner
0	"Gorgeous"_Teddy_Williams
0	"Granatieri_di_Sardegna"
0	"Grand"_Adam
0	"Grass_by_the_Home"
0	"Great"_Mass
0	"Great"_Symphony
0	"Great_Leap_Forward"
0	"Great_Miami"
0	"Great_Patriotic_Pole"
0	"Great_Replacement"_conspiracy_theory
0	"Green"_wire
0	"Gregory_Sallust"
0	"Grievance_Studies"_affair
0	"Guam"
0	"Guerreros_Tuareg"
0	"Gumby"_Gunther
0	"Gypsy"_in_Jazz
0	"Gypsy"_in_Jazz_(Teddy_Wilson_album)
0	"H"_Is_for_Homicide
0	"H"_from_Steps
0	"H"_is_for_Homicide
0	"HBK"_Shawn_Michaels
0	"HMS_Shackleton"
0	"Hacksaw"_Jim_Duggan
0	"Hahnia"_obliqua
0	"Halfbreed"_Billy_Gram
0	"Hamburger"_Jones
0	"Hamid_Sadjadi"
0	"Hamid_Sajadi"
0	"Hang_The_DJ"_film
0	"Hangman"_Adam_Page
0	"Hani'_b._Qabisah_b._Hani'_b._Mas'ud"
0	"Happy"_Harry_Hampton
0	"Happy"_Haynes
0	"Happy"_Hogan
0	"Happy"_Williams
0	"Happy"_in_Galoshes
0	"Hard"_science_fiction
0	"Harry"_letters
0	"Harry"_letters_affair
0	"Harvey"_mannequin
0	"Has_anyone_seen_Viljo?"
0	"Hassan_Shariatmadari"
0	"Hasta_la_vista,_baby"
0	"Hataraku_Saibō!!"_Saikyō_no_Teki,_Futatabi._Karada_no_Naka_wa_"Chō"_Ōsawagi!
0	"Have"_province
0	"Have-not"_province
0	"Hawk-Eye"_Mihawk
0	"Hazen_Brigade_Monument"
0	"He's_Way_More_Famous_Than_You"
0	"Head_and_Master"_laws
0	"Headbands_of_Hope"
0	"Health_&_Social_Care_in_Northern_Ireland"
0	"Heart_of_Stone"
0	"Heartbreak_Hill"_the_Cleveland_Work_Camps
0	"Heat_In_Here"_Vol._1
0	"Heavy_Metal"_Ric_Savage
0	"Helen_Butte"_vs._Masonna_Pussy_Badsmell
0	"Helge_Ingstad"_collision
0	"Hell_Roaring"_Mike_Healy
0	"Hell_Roaring_Mike"_Healy
0	"Hell_to_Pay"
0	"Hell_to_Pay"_(Five_Finger_Death_Punch_song)
0	"Hello"
0	"Hello,_World!"_program
0	"Hello,_world!"_program
0	"Hello_world"_program
0	"Helter_Skelter"_exhibition_of_1992
0	"Henry_R._Gummey"
0	"Henry_Ruth"
0	"Her_Kind"_by_Anne_Sexton
0	"Her_Voice_Is_Beyond_Her_Years"
0	"Hermine_Zaynard"
0	"Heroes"
0	"Heroes"_(David_Bowie_album)
0	"Heroes"_(David_Bowie_song)
0	"Heroes"_(album)
0	"Heroes"_(song)
0	"Heroes"_Symphony
0	"Herrenberger_Altar"
0	"Hesiod"_Cooke
0	"Heteropatriarchy"
0	"Hg
0	"High_Plateau_line"
0	"Higher_Law"_Seward
0	"Hillis_plot"
0	"Hip"_Tanaka
0	"Historical"_Social_Democratic_Party_(Hungary)
0	"Historical_actuality"
0	"Hive_Propolis"
0	"Hobo"_News
0	"Holcoceroides"_scythrella
0	"Holding_On_4_U"
0	"Holly_Whyte"
0	"Hollywood"_Bob_Holly
0	"Hollywood"_Bob_Howard
0	"Hollywood"_Hulk_Hogan
0	"Hollywood"_Stalker_Ichikawa
0	"Holme_Lee"
0	"Holy"_Trent_Acid
0	"Holy..."
0	"Home_safe"_headlamps
0	"Honest_Ed"_Mirvish
0	"Honest_John"_Patterson
0	"Honest_Tom"_Martin
0	"Honey_Chile"_Wilder
0	"Honeychile"_Wilder
0	"Honor_of_the_Nation"_Decoration
0	"Honor_of_the_Nation"_Decoration_(Albania)
0	"Hope"_is_the_thing_with_feathers
0	"Hope"_is_the_thing_with_feathers_(poem)
0	"Hora_de_España"
0	"Horatio_Waddington"
0	"Hot_Ice"_Hilda
0	"Hot_Stuff"_Eddie_Gilbert
0	"Hotshot"_Johnny_Devine
0	"Hotstuff"_Eddie_Gilbert
0	"House,_M.D."
0	"House_Hippo"
0	"How's_my_driving?"_sign
0	"How_You_do_That"
0	"How_to_Be_Loved"_(short_story)
0	"How_to_Be_a_Woman"
0	"Howling"_Jack_Smith
0	"Hoyoyo!"_Space_Adventure
0	"Hugh_Brunt"
0	"Hukkunud_Alpinisti"_hotell
0	"Human_genetic_diversity:_Lewontin's_fallacy"_(scientific_paper)
0	"Humble"_Bob_Shoudt
0	"Hungry"_Charles_Hardy
0	"Huron"
0	"Hurricane"_John_Walters
0	"Huss"_Jimmy_Jacobs
0	"Hyla"_imitator
0	"Hyla"_nicefori
0	"Hylarana"_attigua
0	"Hylarana"_celebensis
0	"Hylarana"_chitwanensis
0	"Hylarana"_garoensis
0	"Hylarana"_lateralis
0	"Hylarana"_latouchii
0	"Hylarana"_margariana
0	"Hylarana"_montivaga
0	"Hylarana"_persimilis
0	"I"_Is_for_Innocent
0	"I"_Is_for_Insignificant
0	"I"_is_for_Innocent
0	"I'll_be_back"
0	"I'm_Gonna_Find_A_Cave"
0	"I'm_Overjoyed"
0	"I'm_comin',_Elizabeth!"
0	"IEEE_1680"
0	"INMS"
0	"IS/MP_model"
0	"ISA_virus"
0	"ISO_2047"
0	"I_AFP"
0	"I_AM"_Activity
0	"I_AM"_Movement
0	"I_Agree_With"_Campaign
0	"I_Am":_Eucharistic_Meditations_on_the_Gospel
0	"I_Am"_(Mary_J._Blige_song)
0	"I_Am"_Activity
0	"I_Am"_Foundation
0	"I_Am"_Religious_Activity_of_the_Saint_Germain_Foundation
0	"I_Am"_activity
0	"I_Am_Prepared_to_Die"
0	"I_Can_Make_It_Better"
0	"I_Forfeit"_match
0	"I_Have_a_Dream"
0	"I_Love._._."_series
0	"I_Love_the._._."_series
0	"I_Luv_You_HB"_Demos
0	"I_Made_It"
0	"I_Quit"_Match
0	"I_Quit"_match
0	"I_Turn_to_You"_(George_Jones_song)
0	"I_Want"_song
0	"I_forfeit"_match
0	"I_invented_email"_guy
0	"I_know_it_when_I_see_it"
0	"I_learned_it_by_watching_you!"
0	"I_quit"_match
0	"I_want"_song
0	"Ian_Hummer"
0	"Ibrahim_Kodra"_Foundation
0	"Ibrahim_Kodra"_foundation
0	"Ich_bin_ein_Berliner"
0	"Ichthyosaurus"_acutirostris
0	"If-Then-Else"
0	"If_It_Ain't_Love"_and_Other_Great_Dallas_Frazier_Songs
0	"If_Only"_Jim
0	"If_This_Goes_On—"
0	"If_You_Wanna_Touch_Her,_Ask!"
0	"Ikey"_Owens
0	"Illustris_project"
0	"Illyrian"_type_helmet
0	"Immortal_Gods"
0	"Imperial_Studios"
0	"In"_Jazz_for_the_Culture_Set
0	"In_Defense_of_Transracialism"_controversy
0	"In_Gay_New_York"
0	"In_God_We_Trust"
0	"In_My_Nature"
0	"In_Praise_of_Idleness"
0	"In_Wrong"_Wright
0	"In_a_world_where..."
0	"Independent_Wheel"
0	"Indian_Summer"_(Mad_Men)
0	"Indianola"
0	"Indigenous_land_corporation"
0	"Information_Access_Company"
0	"Ingenia"
0	"Insector"_Haga
0	"Institute_for_Applied_Social_and_Economic_Research"
0	"International"_Mormon
0	"International_Association_for_Mobile_Learning"
0	"International_Journal_of_Educational_Technology_in_Higher_Education"
0	"International_League_of_Tenants"
0	"International_Pest_Risk_Research_Group"
0	"Internet"_capitalization_conventions
0	"Internet_On_The_Go"
0	"Ion_Mincu"_University_of_Architecture_and_Urbanism
0	"IrAero"_Airline
0	"Iran_Press_Watch"
0	"Iran_and_Red_and_Black_Colonization"
0	"Iraq_FA_Kirkuk_First_Division"
0	"Irish"_Pat_Kenney
0	"Irish"_Teddy_Mann
0	"Irish_Newspaper_Archives"
0	"Irish_Rallycross_Championship"
0	"Iron"_Mike_DiBiase
0	"Iron"_Mike_McCord
0	"Iron"_Mike_Sharpe
0	"Iron_Barbie"
0	"Iron_Mike"_Massad
0	"Iron_Mike"_McCord
0	"Iron_Wolf"_Mechanized_Infantry_Division
0	"Ironman"_Rob_Conway
0	"Irrational_exuberance"
0	"Is_My_Roomate_Dead?"_Stick
0	"Ischyrosaurus"_manseli
0	"Isis"_of_the_Suebi
0	"It"_-_The_Album
0	"It"_the_Album
0	"It"_–_The_Album
0	"It's"_man
0	"It's_Alright"
0	"It's_Better_in_the_Wind"_Soundtrack
0	"It's_a_Love_Thing"
0	"It's_a_Small_World"
0	"It's_a_small_world"
0	"It's_the_economy,_stupid"
0	"Itala_Studios"
0	"It’s"_man
0	"Ivan_the_Terrible"_(Treblinka_guard)
0	"Iveco_Lince"
0	"J"_Is_for_Judgement
0	"J"_Is_for_Judgment
0	"J"_Malan_Heslop
0	"J"_is_for_Judgment
0	"J.N._Tillman"
0	"J._T."_Taylor
0	"Jabbo"_Smith
0	"Jabo"_Starks
0	"Jacaranda_Records"
0	"Jack"_Gilligan
0	"Jack"_Lott
0	"Jack_West"_architect
0	"Jackie"_Fisher
0	"Jacob's_join"
0	"Jacques-Marie"
0	"Jacques_Marie"
0	"Jake_the_Snake"_Plante
0	"Jakob_Streit"
0	"Jam_on_It"
0	"James_Sandilands_Douglas"
0	"James_Wentzy"
0	"Jamie_Foy"
0	"Jan"_Maas
0	"Japanese_Nuclear_Energy_Safety_Commission"
0	"Jason_Carter"
0	"Jaybird"_Coleman
0	"Je_t'aime_No._IV"
0	"Jeff_Dexter"
0	"Jehovah"_My_Black_Ass-R.E.M._Is_Air_Supply!
0	"Jenny"_XJ-9_Wakeman
0	"Jesus"_Ferguson
0	"Jesus_saves"_case
0	"Jew_Bill"_of_1753
0	"Jews_of_colour"
0	"Jig_Dog"_Ramage_Carrier_and_Carrier_Air_Wing_Operational_Excellence_Award
0	"Jigsaw_John"
0	"Jim"_Ryun
0	"Jimmy"_James_Henry_Whalen
0	"Jocko"_Conlan
0	"Jocko"_Henderson
0	"Jodocus_de_Weert"
0	"Johanna_Decker"
0	"John"
0	"John_Bateman_Harcourt"
0	"John_Blake_Publishing_Ltd
0	"John_Blake_Publishing_Ltd."
0	"John_Bude"
0	"John_Cloake"
0	"John_Coley"
0	"John_D._Johns"
0	"John_P._Jackson"
0	"Johnnie"_Cradock
0	"Johnny"_Acea
0	"Johnny"_Jack_Nounes
0	"Johnny_the_Mick"_Walsh
0	"Join,_or_Die"
0	"Joliet"_Jake_Blues
0	"Jolly"_John_Larkin
0	"Jolly"_John_Larkins
0	"Jolly"_John_Nash
0	"Jonas_Arnell"
0	"Jonathan_Dennis"
0	"Jorge_Chavez"_International_Airport
0	"Jose_Perez_Colamenares"_Baseball_Stadium
0	"Jose_Simeon_Canas"_Central_American_University
0	"Joseph_Rich"
0	"Josip_Broz_Tito"_Art_Gallery_of_the_Nonaligned_Countries
0	"Josip_Broz_Tito"_High_School_-_Skopje
0	"José_Simeón_Cañas"_Central_American_University
0	"Journal_of_Pharmacy_&_Pharmacology"
0	"Journal_of_Pharmacy_and_Pharmacology"
0	"Joyful"_Model_Seeks_Dancer
0	"Juan_de_Lisboa"
0	"Judas"
0	"Judge_Judy"_Sheindlin
0	"Judges_Club"
0	"Juiced_ball"_controversy
0	"Julian_E._Rogers"
0	"Julien_Abraham"
0	"Jumpin'"_Joey_Maggs
0	"Jumping"_Jimmy_Jacobs
0	"Jumping"_Joe_Savoldi
0	"Jumping"_Joey_Maggs
0	"Jungle"_Jack_Perry
0	"Jungle"_Jim_Liberman
0	"Jungle_Boy"_Jack_Perry
0	"Jungle_Jim"_Rivera
0	"Junior"_Soprano
0	"Just_Say_No"
0	"Just_a_Gigolo"/"I_Ain't_Got_Nobody"_medley
0	"Just_the_facts,_ma'am"
0	"Just_your_Average_Second_On_This_Planet"_1997-1998
0	"Justice_For_Khojaly"_song
0	"K"_Is_for_Killer
0	"K"_Line
0	"K"_Line-Kerr_Corp.
0	"K"_Line-Kerr_Corporation
0	"K"_is_for_Killer
0	"K"_notation
0	"Kaduvetti"_Guru
0	"Kahn_and_Bell"
0	"Kakarrot"_(カカロット,_Kakarotto)
0	"Kallirhoe"
0	"Kamikaze"_Ken_Anderson
0	"Karst_graben"
0	"Kate_Macdonald_Butler"
0	"Kazakhstan"_corporation
0	"Kazi_Ahmed"
0	"Keep_on_Running"_(Jackie_Edwards)
0	"Kein_schöner_Land"
0	"Keith_Albarn"
0	"Kenneth_C._Murray"
0	"Kenneth_Trueblood"
0	"Kenny_Boy"
0	"Kenny_Boy"_Lay
0	"Kent_and_The_Candidates"
0	"Kew_Rule"
0	"Khan_gizi"_spring
0	"Khanasora"_Vartan_Mehrpanian
0	"Kidstreet_(band)"
0	"Kill_everyone_in_China"_controversy
0	"Killer"_(1990)
0	"Killing_Season"
0	"Kim_Aviance"
0	"King"_Bennie_Nawahi
0	"King"_David_Hartley
0	"King"_Joe_Oliver
0	"King"_Standish
0	"King"_of_Poland
0	"King's_Great_Matter"
0	"King_Christian"
0	"King_Ernest"_Baker
0	"King_Kong"_Emile_Czaya
0	"Kiss_Me"
0	"Klondike_Kate"_Rockwell
0	"Knapick"
0	"Knockout_game"
0	"Ko_Ko_Hlaing"
0	"Konaka"-Museum
0	"Konstantin_Puchkov"
0	"Kowloon"_Kurosawa
0	"Krazy_Kat_Klub"
0	"Krembo_Wings"
0	"Kshama_Sawant"
0	"Kukushka"
0	"Kung-Fu"_Billy_Graham
0	"Kyiv"_(Zhulyany)_Airport
0	"Kyiv-Mohyla_Academy"_National_University
0	"L"_Is_for_Lawless
0	"L"_is_for_Lawless
0	"L"_is_for_Love
0	"LAUNCH_Conference"
0	"LP5"_(Massive_Attack_album)
0	"La_Chambre_D'Echo"_-_Where_the_Dead_Birds_Sing
0	"La_Enfermedad_Incurable"
0	"Labor_Day"
0	"Ladies_Association_in_Favor_of_Women's_Education"
0	"Lady_Yester's"
0	"Lafitte_et_Cie"
0	"Lain_on_file"
0	"Lake_Charles_Trail"
0	"Lancieri_di_Aosta"_Squadrons_Group
0	"Lancieri_di_Milano"_Squadrons_Group
0	"Lancieri_di_Novara"_Squadrons_Group
0	"Landing_Zone_Schueller"
0	"Lanzarote_airport"
0	"Larry_Jacobs"
0	"Lars_G._Petersson"
0	"Last_Dying_Breath"
0	"Last_Island"
0	"Latinitas_Sinica"
0	"Lawrence_Paul_Mills"
0	"Lay_on_file"
0	"Lazy"_X-Press_2
0	"Lazy_Love"
0	"Leamington_Spa_Building_Society"
0	"Left"_production
0	"Left-Wing"_Communism
0	"Left-Wing"_Communism,_an_Infantile_Disorder
0	"Left-Wing"_Communism:_An_Infantile_Disorder
0	"Left_Wing"_Communism:_An_Infantile_Disorder
0	"Lefty"_Lew_Tendler
0	"Legalize_Love"
0	"Legit"_Leyla_Hirsch
0	"Legs"_Diamond
0	"Legs"_Larry_Smith
0	"Lem"_Sportsinterviews
0	"Len_Kabasinski"
0	"Leningrad"_zonal_art_exhibition_(1964)
0	"Lenny_abrahamson"
0	"Les_Orientales"
0	"Let's_Eat_at_Home!"
0	"Let's_Rock"_(The_Black_Keys_album)
0	"Let's_Rock"_(album)
0	"Let's_go,_Brandon"
0	"Let's_roll"
0	"Let_All_of_Them_Take_Heed"
0	"Let_All_of_Them_Take_Heed":_Mexican_Americans_and_the_Campaign_for_Educational_Equality_in_Texas,_1910-1981
0	"Let_All_of_Them_Take_Heed":_Mexican_Americans_and_the_Campaign_for_Educational_Equality_in_Texas,_1910–1981
0	"Let_My_People_Live!"_International_Forum
0	"Let_My_People_Live!"_World_Forum
0	"Let_it_be"
0	"Liar"_Marty_Wright
0	"Liberty_Safes"
0	"Lights_Out"
0	"Line_in_the_Sand"_Match
0	"Lines_written_a_few_miles_above_Tintern_Abbey"
0	"Lion_Warrior"_Bobby_Sharp
0	"List_of_programmes_broadcast_by_Sky_One_(UK_&_Ireland_TV_Channel)
0	"Litoria"_castanea
0	"Litoria"_jeudii
0	"Litoria"_louisiadensis
0	"Litoria"_multicolor
0	"Litoria"_multicolour
0	"Litoria"_obtusirostris
0	"Litoria"_vagabunda
0	"Little"_Jack_Lawrence
0	"Little"_Jimmy_Dickens
0	"Little"_Jimmy_Scott
0	"Little"_Louie_Vega
0	"Little"_North_Western_Railway
0	"Little_Audrey"
0	"Little_Bill"_Johnston
0	"Little_Billy"_Merchant
0	"Little_Billy"_Rhodes
0	"Little_Eva"_B-24_Liberator
0	"Little_Mel"_Purvis
0	"Little_Mo"_Connolly
0	"Live"_Full_House
0	"Live"_at_the_London_Palladium
0	"Live"_at_the_London_Palladium_(Judy_Garland_and_Liza_Minnelli_album)
0	"Live"_with_Regis_and_Kathy_Lee
0	"Lloviu_cuevavirus"
0	"Lockkeeper's"_House
0	"Lombardy-Venetia"
0	"Lombardy–Venetia"
0	"Lonestar"_Dustin_Rhodes
0	"Long_Harry"
0	"Longhorn"
0	"Look_at_Me"_(new_Capitoline_Wolf)
0	"Looked_Up"_Plus_Four
0	"Looney_Tunes_Super_Stars'_Daffy_Duck:_Frustrated_Fowl
0	"Lord"_George_Sanger
0	"Lost"_Paiute_County
0	"Lost_Highway"_(Hank_Williams_song)
0	"Lot's_Wife"_pillar
0	"Louder_Than_Bombs"
0	"Love,_Peace_&_Nappiness"
0	"Love_&_Theft"
0	"Love_Of_My_Life"
0	"Love_and_Theft"
0	"Love_and_War"
0	"Love_means_never_having_to_say_you're_sorry"
0	"Lovebird"_Allen
0	"Lovin'"_Sam_Theard
0	"Low_Tax"_Looper
0	"Lucian_Blaga"_University_of_Sibiu
0	"Lucifer"_algorithm
0	"Lucky"_Baldwin
0	"Lucky"_Lucan
0	"Lucky"_Luciano
0	"Lucy_and_Ramona_and_Sunset_Sam_(Cruisin')"
0	"Luscious"_Johnny_Valiant
0	"Léon-Clément_Gérard"
0	"Lötzen"_Infantry_Brigade_(Wehrmacht)
0	"Löwenheim_number"
0	"M"_Circle
0	"M"_Device
0	"M"_Electronika_Cup
0	"M"_Is_for_Malice
0	"M"_is_for_Malice
0	"MAMI"_Moscow_State_Technical_University
0	"MATI"_-_Moscow_State_Aviation_Technological_University
0	"MATI"_–_Moscow_State_Aviation_Technological_University
0	"Ma"_Rainey
0	"Mabel_Teng"
0	"Macallan"
0	"Machine_Guarding"
0	"Machine_Gun"_Karl_Anderson
0	"Macho_King"_Randy_Savage
0	"Macho_Man"_Randy_Savage
0	"Mad"_Anthony_Wayne
0	"Mad"_Mike_Banks
0	"Mad"_Mike_Hughes
0	"Mad"_Mike_Whiddett
0	"Mad-Eye"_Moody
0	"Mad_Dog"_(Survivor)
0	"Mad_Dog"_Hershey
0	"Mad_Dog"_Mike_Bell
0	"Mad_Dog"_hershey
0	"Mad_Flows"_Grimm
0	"Mad_Jack"_Churchill
0	"Madden_and_Harris"
0	"Made_in_USA"_label
0	"Magnolia"_Square
0	"Magnolija"_Square
0	"Magnus_Lidström"
0	"Mahindra_Finance"
0	"Major"_John_Buchanan
0	"Major"_John_Buchanan_(pioneer)
0	"Major_General"_Moussa_Arafat_al-Qudwa
0	"Major_Street"
0	"Make_America_Great_Again"
0	"Mako_Shark"_show_car
0	"Mall_plaza"
0	"Mama"_Cass_Elliot
0	"Mammut"_borsoni
0	"Mammy_memorial"
0	"Manaki_Brothers"_Film_Festival
0	"Mandible_Chatter"
0	"Manila_John"_Basilone
0	"Manitoba_Transit_Heritage_Association"
0	"Mannenberg"
0	"Manos"_The_Hands_of_Fate
0	"Marcel_Breuer_&_Associates"
0	"Marcel_Breuer_Associates"
0	"Marco_Johnson"
0	"Marie_Carola_Franciska_Roselyne_Galway"
0	"Marie_Compston_Horseman"
0	"Marine_Workers_Industrial_Union"
0	"Mariscal_Domingo_Nieto"_Cavalry_Regiment
0	"Mark_Marek"
0	"Markman"_hearing
0	"Martha_Gardener"
0	"Martin_Sloan"
0	"Marv_Miller"
0	"Marvel_vs._DC"_cards
0	"Marvelous"_Marvin_Hagler
0	"Mary_Van_Ess"
0	"Maryfrances"
0	"Masatoshi_Imaizumi"
0	"Master"_Henry_Gibson
0	"Master_Harold"...and_the_Boys
0	"Matey"_Malcolm_McDuck
0	"Mathilde_von_Marlow"
0	"Matthew_John_Parker"
0	"Matthijs_van_der_Meulen"
0	"Maverick"_Matt_Bentley
0	"May_19"_Kane
0	"May_you_live_in_interesting_times"
0	"Mayor_of_Newtown"
0	"Me"_Decade
0	"Me"_decade
0	"Me_and_My_Piano"
0	"Mean"_Gene_Mondo
0	"Mean"_Joe_Greene
0	"Mean"_Mark_Callous
0	"Mean"_Mike_Miller
0	"Meccan"_Chapter
0	"Medical"_cannabis
0	"Megophrys"_feii
0	"Mel"_Johnson
0	"Men_at_a_party"_clause
0	"Merciless"_Ray_Mercer
0	"Mesosuchia"
0	"Metal"_Mike_Chlasciak
0	"Metal_Face"_Doom
0	"Metasequoia_occidentalis"
0	"Meteor"_Zavod
0	"Meşher"
0	"Mi_Amigo"_memorial
0	"Miami"_John_Cernuto
0	"Michael"_Offensive
0	"Michael_Boyer_II"
0	"Michin"_Mia_Yim
0	"Microwave_analog_signal_processing"
0	"Mid-Iowa_Narcotics_Task_Force_(MINE)"
0	"Mid-Iowa_narcotics_Task_Force_(MINE)"
0	"Middle_Beach"
0	"Mieminger_Plateau"
0	"Mihai_Eminescu"_National_College
0	"Mild_as_May"
0	"Mill_Girls"
0	"Million_Dollar_Man"_Ted_DiBiase
0	"Milton_Moses_Ginsberg"
0	"Mimia"
0	"Minnesota_Radio_Talking_Book_Network"
0	"Minster_hypothesis"
0	"Mir"_transmission_line
0	"Miranda_Hobbs"
0	"Misfit"
0	"Misioneros_del_Muerte"
0	"Miss_Grief"
0	"Miss_Millie"_Rutherford
0	"Miss_Zhao's_Suicide"
0	"Mission_Accomplished"
0	"Mission_Covid_Suraksha"
0	"Mississippi"_Bill_Harris
0	"Mitchell,_Bonner"
0	"Mixed_motive"_discrimination
0	"Miz_Maze"
0	"Mizzy"_Pacheco
0	"Modern_War_Institute"
0	"Mohammad_Ahmad_Mustafa_al-Dabi"
0	"Mohinder_Kaur"
0	"Moist"_Paula_Henderson
0	"Moke"_Bistany
0	"Mollie_Horseman"
0	"Mom"_jeans
0	"Moment_of_Mass"
0	"Momodou_Ceesay"
0	"Monchi_Balestra"
0	"Money_In_The_Bank"_Ladder_Match
0	"Money_In_The_Bank"_Ladder_match
0	"Money_in_the_Bank"
0	"Monster"
0	"Montréal_Canadiens"
0	"Moody"_Jack_Melendez
0	"Mookie"_Mitchell
0	"Moonlight"_Sonata
0	"More_More_More,"_Said_the_Baby:_Three_Love_Stories
0	"More_popular_than_Jesus"_controversy
0	"Morera_Thatte"_Stone-age_relics_in_Karnataka
0	"Morgan_Saint"
0	"Morning"_(Clare_Fischer_composition)
0	"Morning_in_America"
0	"Morpheus"_(Rebecca_Clarke)
0	"Moscow-Peking"
0	"Mosquito_alarm"
0	"Most_Often_Needed"
0	"Mother"_Bloor
0	"Mother"_Emma_Buchanan
0	"Mother"_Stewart
0	"Mother"_Thompson
0	"Mother_Giovanni"
0	"Mother_Heroine"_Title_(Albania)
0	"Mother_Maybelle"_Carter
0	"Mother_Savage"_by_Guy_de_Maupassant
0	"Mother_Teresa"_Decoration
0	"Motherland"_story_arc
0	"Motor_Transit_Company"
0	"Motorola"_Battalion
0	"Mouse"_Davis
0	"Move_Over"_Law
0	"Mr.450"_Hammett
0	"Mr._450"_Hammett
0	"Mr._America"_Gene_Stanlee
0	"Mr._Hardcore"_Rico_Suave
0	"Mr._Perfect"_Curt_Hennig
0	"Mr._Rowl"
0	"Mr._Technical"_Barry_Horowitz
0	"Mr._Touchdown"_Mark_Angelosetti
0	"Mr._Wonderful"_Paul_Orndorff
0	"Mr_Wonderful"_Paul_Orndorff
0	"Mud_Mountain_Dam"
0	"Muhammad_Ilyas_Attar_Qadri_Razavi_Ziaie
0	"Mummy"_Pettigrew
0	"Munch"_Wilkinson
0	"Munich_Style"_stained_glass
0	"Murderess"_:_The_Winnie_Ruth_Judd_Story_(feature_film:_2007)
0	"Muscle"_Shoals
0	"Muscle"_Sholes
0	"Music_from_the_Hearts_of_the_Masters"
0	"Muslim_patrol"_incidents_in_London
0	"Muslim_patrols"_in_London_(2013-2014)
0	"Must_pass"_bill
0	"Mutual_Wheel"
0	"My_Life,_My_Faith"
0	"My_Musical"_Soundtrack
0	"My_Name_is_Jack"
0	"My_Roots_Are_Showing..."
0	"Mysterious"_Billy_Smith
0	"N"_Is_for_Noose
0	"N"_device
0	"N"_is_for_Noose
0	"N"_word
0	"N20G"
0	"NAU-TV"
0	"NOW"_Chicago_XXXVI
0	"NZ_Women's_Weekly"
0	"Na_Na_(N-Dubz_song)
0	"Na_Na_(Remix)(N-Dubz_song)
0	"Na_Na_Remix_N-Dubz_song
0	"Nadia_Styles"
0	"Nameless"_Cave
0	"Namibian_Electronic_Sports_Association"
0	"Nancy_Wait"
0	"Nasty_Woman"_Movement
0	"Natalie"_Alvarado
0	"Nathan_Bozeman"
0	"National_Democratic_Law_Student_Council"
0	"National_Museum_of_the_Union"
0	"National_Protestant_Electoral_Federation"
0	"National_Velvet"
0	"Native_Woodland_Trust"
0	"Nature_Boy"_Buddy_Roberts
0	"Nature_Boy"_Buddy_Rogers
0	"Nature_Boy"_Ric_Flair
0	"Naval_Security_Forces"
0	"Neagoe_Basarab"_26th_Infantry_Battalion
0	"Neagoe_Basarab"_Batalionul_26_Infanterie
0	"Negation_of_the_Diaspora"_in_Zionism
0	"Neighborhood_Greenway"
0	"Neighbors_(J._Cole_song)
0	"Neptune_Comic_Distributors"
0	"Netball_SA_Premier_League"
0	"Neutron_Jack"
0	"Never_Again"_Association
0	"Never_war"_monument
0	"Nevertheless,_she_persisted"
0	"New"_Viacom
0	"New_Age"_movement
0	"New_Dream"_(band)
0	"New_Melmac"
0	"New_Roosevelt"
0	"New_York_Business_Corporation_Law"
0	"New_York_Electrical_Vehicle_Transportation_Company"
0	"New_Zealand_Women's_Weekly"
0	"Nezha_Conquers_the_Dragon_King
0	"Nick"_Pacheco
0	"Night_Of_The_Day_Of_The_Dawn_Of_The_Son_Of_The_Bride_Of_The_Return_Of_The_Revenge_Of_The_Terror_Of_The_Attack_Of_The_Evil,_Mutant,_Hellbound,_Flesh-Eating,_Crawling,_Alien,_Zombified,_Subhumanoid_Living_Dead_-_Part_5."
0	"Night_Sky_(play)"
0	"Night_of_stars,_and_night_of_love"
0	"Nine_Regrets"
0	"Ninth_Street"_Show
0	"Ninth_Street"_show
0	"Nitty_Scott,_MC"
0	"Nizza_Cavalleria"
0	"Nizza_Cavalleria"_Squadrons_Group
0	"No_Car_Day"
0	"No_Fear"
0	"No_Flashlight":_Songs_of_the_Fulfilled_Night
0	"No_Flashlight"_Songs_of_the_Fulfilled_Night
0	"No_God"_bus
0	"No_More_Tours"_Tour
0	"No_Place_to_Hide"_(Lost_in_Space)
0	"No_Russian"
0	"No_Snow,_No_Show"_For_The_Eskimo
0	"No_Snow,_No_Show"_for_the_Eskimo
0	"No_Way_Out"
0	"No_Way_to_Prevent_This",_Says_Only_Nation_Where_This_Regularly_Happens
0	"No_más,_no_más"_fight
0	"Noah_Sheldon"
0	"Noailles"_burin
0	"Nolly"
0	"Nolly"_Getgood
0	"Non",_ou_A_Vã_Glória_de_Mandar
0	"None_of_the_above"_in_India
0	"None_of_the_above"_voting_option_in_India
0	"Nonpareil"_Dempsey
0	"Noor_Film_Festival"
0	"Noor_Mohammad_Taraki"
0	"Nordy"_Hoffman
0	"Nordy"_Hoffmann
0	"Norick"_Abe
0	"Norman"_Tasmanian_language
0	"North_Shore_Railroad_(California)
0	"Northern_Ireland_World"
0	"Nosey"_Parker
0	"Notice_of_Hearing"
0	"Nunziatella"_Military_School
0	"Nuts"_Cobbold
0	"Nylanderia"_species_near_"pubens"
0	"Nyuk-nyuk-nyuk!"
0	"O"
0	"O"-Jung.Ban.Hap.
0	"O"-Jung.Ban.Hap._(DBSK_album)
0	"O"-Jung.Ban.Hap._(TVXQ_album)
0	"O"_(Flowers_of_Hell_album)
0	"O"_Is_for_Outlaw
0	"O"_is_for_Outlaw
0	"O'Reilly_Media,_Inc."
0	"O-Dog"
0	"Occupy"_protesters
0	"Occupy"_protests
0	"Octy"_Graham
0	"Ode-to-Napoleon"_hexachord
0	"Oey_Bian_Kong
0	"Of_One_Blood"_Summary_by_Pauline_Hopkins
0	"Of_One_Blood"_by_Pauline_Hopkins
0	"Oh_That_Gus!",_Inc.
0	"Oh_Yeah!"_Live
0	"Okeechobee"
0	"Okey"_Geffin
0	"Oklahoma_Jack"_Clark
0	"Old"_Meany_Hall
0	"Old"_Viacom
0	"Old_Bear"_Ellice
0	"Old_Boy"
0	"Old_Man"_Satriale
0	"Old_Man_at_the_Bridge"
0	"Old_Mile"
0	"Olimpiys'kyi"_Sport_Complex_(Kiev)
0	"Olympian_Mountains"
0	"Omaha"_the_Cat_Dancer
0	"Omar_Lizardo"
0	"Omnibus_Corporation_of_America"
0	"On_With_the_Show"_Tour
0	"On_Writing"
0	"On_Your_Side"_(A_Rocket_To_The_Moon_album)
0	"On_Your_Side"_(A_Rocket_to_the_Moon_album)
0	"On_the_Equality_of_the_Sexes"
0	"On_the_Internet,_nobody_knows_you're_a_dog"
0	"One_Mile"
0	"One_Third_of_a_Nation"
0	"One_more_heave"
0	"One_of_Us"_(Ava_Max_song)
0	"One_person,_one_language"_approach
0	"Operation_Commander-in-Chief"
0	"Operation_Hillman"
0	"Operation_Red_Trek"
0	"Order_Lead_Time"
0	"Order_of_Ancient_Maccabeans"
0	"Oriental_Dragons_F.C."
0	"Oriental_Dragons_FC"
0	"Original"_All_Blacks
0	"Osian’s"_Group_of_companies
0	"Others_magazine"
0	"Otto_I"_of_Albania
0	"Otto_Philipp_Braun"
0	"Ought"_from_"is"
0	"Our_Contemporary"_art_exhibition_(Leningrad,1975)
0	"Our_Contemporary"_exhibition_(Leningrad,1975)
0	"Our_Contemporary"_regional_art_exhibition_(Leningrad,1975)
0	"Our_Contemporary"_regional_art_exhibition_(Leningrad,_1975)
0	"Our_Contemporary"_zonal_art_exhibition_(Leningrad,1975)
0	"Our_Contemporary"_zonal_art_exhibition_of_1975_(Leningrad)
0	"Our_Father_God_Celestial"
0	"Ours"_Moldovan_Political_Party
0	"Out_of_Control"_(George_Jones_song)
0	"Out_of_Taiwan"_hypothesis
0	"Outcasts_of_the_City"
0	"Over_the_Edge"
0	"Ovington's_Bank"
0	"Oxford_Bibles"
0	"P!"_Vespa
0	"P"_Is_for_Peril
0	"P"_is_for_Peril
0	"P.A.T.H."_Toronto
0	"PC"_muscle
0	"PC_Chris"_Szygiel
0	"Paac_Ciinak"
0	"Pabebe_Wave"
0	"Pacific_Wharf"
0	"Package_Q"_Strike
0	"Painless"_Parker
0	"Palaeornis"_cliftii
0	"Palestine_Action"
0	"Palm_Springs_á_la_Carte"
0	"Palmer_Line"_Free_Will_Baptists
0	"Pamela_Snow"
0	"Pan-Orthodox"_Congress_of_Constantinople
0	"Pan-Orthodox"_Council_of_Constantinople
0	"Panzer"_Hagen
0	"Panzer_ace"_in_popular_culture
0	"Pap"_Singleton
0	"Papito"_Serguera
0	"Paradise"_(2012)
0	"Parallel_Play"_(memoir_by_Tim_Page)
0	"Paris"
0	"Parkyakarkus"_Einstein
0	"Partisan_Star"_Order
0	"Party_for_Democratic_Progress_for_Kosovo"
0	"Party_of_New_Communists"_(PNC)
0	"Pashupati"_seal
0	"Passengers"_(song)
0	"Pastorale"
0	"Pat"_(album)
0	"Pat_Keely"
0	"Patch_box"
0	"Patricia_T._O'Connor"
0	"Patrick_J._Frawley"
0	"Paul_Mark_Sandler"
0	"Paul_is_Dead"_clues_from_Abbey_Road
0	"Paul_is_Dead"_clues_from_Let_It_Be
0	"Paul_is_Dead"_clues_from_Magical_Mystery_Tour
0	"Paul_is_Dead"_clues_from_Sgt._Pepper's_Lonely_Hearts_Club_Band
0	"Paul_is_Dead"_clues_from_The_White_Album
0	"Peace,_Nonviolence_and_Empowerment"_-_Gandhian_Philosophy_in_the_21st_Century
0	"Peace_be_within_you!"
0	"Peace_for_our_time"
0	"Peace_in_Our_Time"
0	"Peacock"_commission
0	"Peak_8"
0	"Pee_Wee"_Ellis
0	"People's_capitalism"
0	"Pepper"_Potts
0	"Peppermint_King"
0	"Pequeño_Nitro"
0	"Perfect_is_the_enemy_of_good"
0	"Pet,_No._9"
0	"Petit_lac_Manicouagan"
0	"Philly"_Joe_Jones
0	"Philthy_Animal"_Taylor
0	"Physician_Preparing_an_Elixir"
0	"Piano"_Bullard
0	"Piano"_Charles
0	"Piano"_Charley
0	"Piano"_Charlie
0	"Picayune"_Butler
0	"Picciola_Serenata"_in_B_flat_major
0	"Pierre_Sandwidi"
0	"Pietro_Della_Valle"_Italian_School
0	"Pietro_Della_Valle"_School
0	"Pimpernel"_Smith
0	"Pine_Top"_Smith
0	"Pineapple_black_rot"
0	"Pinkie"_George
0	"Pip"_Roberts
0	"Pirata"_Fuente_(stadium)
0	"Pistol"_Jim
0	"Pistol"_Pete_Wilson
0	"Pistol"_Pez_Whatley
0	"Pistol_Pete"_Maravich
0	"Pitchfork_Ben"_Tillman
0	"Piłka_nożna"_magazine_plebiscite
0	"Plan_C"
0	"Plan_Martha"
0	"Plan_c"
0	"Planets"_(Eloy_album)
0	"Playboy"_Buddy_Rose
0	"Playing_the_Whore"
0	"Plugger"_Lockett
0	"Point-a-Minute"_Michigan_Wolverines_football_team
0	"Point-a-Minute"_Michigan_football_team
0	"Point-a-Minute"_Wolverines_football_team
0	"Poisson_Volant"_(privateer)
0	"Poker"_Alice_Ivers
0	"Polack"_Joe_Saltis
0	"Polish"_death_camp_controversy
0	"Polish_Operation"_of_the_NKVD_(1937-1938)
0	"Polish_Operation"_of_the_NKVD_(1937–1938)
0	"Polish_death_camp"_controversy
0	"Poll"_Triplane
0	"Pomeroy_College_Basketball_Ratings"
0	"Ponnu_Mappillai"
0	"Pop"_Stoneman
0	"Pop"_Warner
0	"Popish"_Plot
0	"Popish"_plot
0	"Poppies"_Mary_Oliver
0	"Pops"_Staples
0	"Populate_or_perish"
0	"Porky"_Brockway
0	"Positive"_Christianity
0	"Positively"_Page
0	"Pothole"_Angus_McDuck
0	"Pothole"_McDuck
0	"Potok"_(Flow)
0	"Presidential_Support_Successor_System"
0	"Presidium_of_the_Council_of_Ministers"
0	"Press_clipping_service"
0	"Pretty_Good_for_a_Girl":_Feminist_Physicality_and_Women's_Bodybuilding
0	"Pretty_Wild"_TV_Show
0	"Pride_Goeth_Before_a_Fall"
0	"Primetime"_Elix_Skipper
0	"Primo_Feliciter"
0	"Principal"_Richard_Pound
0	"Private_Label"
0	"Private_Market_Assets"
0	"Pro_knigi"_("About_books")
0	"Producers_Distributing_Corporation"
0	"Project_Hot_Seat"
0	"Project_Worldwide"
0	"Proornis"
0	"Property_is_theft!"
0	"Proposition"_Joe_Stewart
0	"Prosopa"_Greek_Television_Awards
0	"Prostherapis"_dunni
0	"Prostitution"_among_animals
0	"Proto-Thracian"
0	"Prouder,_Stronger,_Better"
0	"Psycho"_Sid_Vicious
0	"Pulkovskiy_Meridian"_type_(Project_1288)_fishing_freezer_trawler_Stende
0	"Punisher"_Dice_Morgan
0	"Puppet"
0	"Puss"/"Oh,_the_Guilt"
0	"Pussy_Cats":_Starring_the_Walkmen
0	"Pussy_Cats"_Starring_The_Walkmen
0	"Pussy_Cats"_Starring_the_Walkmen
0	"Pussyfoot"_Johnson
0	"Put_Our_Heads_Together"
0	"Put_on_Your_Old_Grey_Bonnet"
0	"Pyro"_Pete_Wilson
0	"Pāteke"
0	"Q"_Is_for_Quarry
0	"Q"_is_for_Quarry
0	"Q."_as_a_culinary_term
0	"Qizil_Ulduz"_Medal
0	"Queen_of_the_Sea"_train_disaster
0	"Queenie"_(EastEnders)
0	"Queensland_Music_Festival"
0	"Queensland_state_netball_league"
0	"Queers_Read_This"
0	"Quest_of_the_Gazolba"
0	"Quiero"_Album_(El_Amor)
0	"Quum_memoranda"
0	"R"_Is_for_Ricochet
0	"R"_Pizza_Farm
0	"R"_Zone
0	"R"_is_for_Ricochet
0	"R"_notation
0	"R._C._N._Monahan"
0	"RF_sweep"
0	"Rabbit"_Weller
0	"Raccoon"_John_Smith_(Clergyman)
0	"Rachel"_haircut
0	"Rachel_Eliza_Griffiths"
0	"Rad"_Spencer
0	"Rae_Isthmus"
0	"Rage"_aria
0	"Rags"_Ragland
0	"Rags"_Scheuermann_Field_at_Kirsch-Rooney_Stadium
0	"Rainbow"_plans
0	"Ralph_Vaughn-Williams"
0	"Ram_Sajeevan"
0	"Ramblin"_Ricky_Rhodes
0	"Rampaging"_Roy_Slaven
0	"Randolph_Osborne_Douglas"
0	"Ranjana_Ash"
0	"Ranji"_Wilson
0	"Rave_Fever"
0	"Ravishing"_Rick_Rude
0	"Rawhide_Jimmy"_Douglas
0	"Ray_Bradbury_Science_Museum"
0	"Raymond_Dypski"
0	"Razda"_Cunningham
0	"Read_my_lips:_no_new_taxes"
0	"Ready_to_Suffer"
0	"Reconstructed_Sapiens_Reference_Sequence"
0	"Red"_Grange
0	"Red"_Hamilton
0	"Red"_Morgan
0	"Red"_Moshannon_Creek
0	"Red-Hair"_Shanks
0	"Red-Haired"_Shanks
0	"Red_Haired"_Shanks
0	"Red_Iron"
0	"Red_Legs"_Greaves
0	"Red_Scorpions"_26th_Infantry_Battalion
0	"Red_Terror"_Martyrs'_Memorial_Museum
0	"Refund_anticipation_check"
0	"Register_of_interests"
0	"Regius"_professor
0	"Regulator_of_Community_Interest_Companies"
0	"Rehavam_Amir"
0	"Repent,_Harlequin!"
0	"Repent,_Harlequin!"_Said_the_Ticktockman
0	"Representing_Border"
0	"Republic"_in_Political_Science
0	"Republican_Fort_Whipple_Arizona_Miner"
0	"Requiem"_by_Anna_Akhmatova
0	"Rescue_Coordination_Centre_New_Zealand"
0	"Resolute_Eagle"
0	"Restorative_Practices"
0	"Retirement_Sucks"_Tour
0	"Return_to_normalcy"
0	"Rev_It_Up_(song)"
0	"Reverend"_Bob_Levy
0	"Revolutionary_Mongolia"_tank_brigade
0	"Ricardo_Lattanzi"
0	"Rich_Lesser"
0	"Richard_Cuffari"
0	"Richard_Currey"
0	"Richard_Kauffmann"
0	"Richard_Miller,_PhD"
0	"Richinbar,_Arizona"
0	"Rick"_Ames
0	"Rick"_Dees
0	"Rico_Yamaguchi"
0	"Ridgeriders"_In_Concert
0	"Ridgeriders"_in_Concert
0	"Ring_Spiel"_Tour_'95
0	"Ring_Spiel"_Tour_’95
0	"Ringo"
0	"Ringo"_Alphonso
0	"Riona"_(TV_show)
0	"Rixty_Minutes"
0	"Roach"
0	"Roachoid"
0	"Road_Dogg"_Jesse_James
0	"Robert_A._Muh"
0	"Robert_De_Niro's_Waiting..."
0	"Robert_Devos"
0	"Robert_L._Gordon_III"
0	"Robert_L._Stallman"
0	"Robin_Foster"
0	"Robin_Hood_and_Allan-a-Dale"
0	"Robin_Hood_and_Allan_a_Dale"
0	"Rochester"_Anderson
0	"Rock_It"_(George_Jones_song)
0	"Rocket"_Hall
0	"Rocket"_Ismail
0	"Rocket"_Richard
0	"Rollin'"
0	"Rolls_House"
0	"Roma"_Symphony_(Bizet)
0	"Romeo_bleeding"
0	"Rommel?"_"Gunner_Who?"
0	"Ron"_Paul
0	"Roots"_type_blower
0	"Rosa_Lee_Brooks"
0	"Rose_and_a_Honeycomb"
0	"Rotor_station"
0	"Rotorstation"
0	"Route_66"_(song)
0	"Rowdy"_Roddy_Piper
0	"Rowdy"_Ronda_Rousey
0	"Rowdy_Joe"_Lowe
0	"Royal_Murciana"
0	"Rubie_Saunders"
0	"Rugged"_Ronnie_Garvin
0	"Ruhmkorff"_lamp
0	"Río_Cacín"
0	"S"_Bridge_II
0	"S"_Bridge_II_(Muskingum_County,_Ohio)
0	"S"_Is_for_Silence
0	"S"_Mountain
0	"S"_is_for_Silence
0	"S._Henning_Belfrage"
0	"SA_rugby_magazine"
0	"SKY"_schools
0	"SN_2008fg"
0	"SQL_reserved_keywords"
0	"SS_Go_Ahead"
0	"Saab_Aircraft_Leasing"
0	"Saenz_Codex"
0	"Safa"_Society
0	"Saint_Monday"
0	"Saint_Teresa_of_Ávila's_Vision_of_the_Holy_Spirit_(Cambridge)
0	"Salamander"_Natsu_Dragneel
0	"Salford_Bridge_Reservoir"
0	"Salt_Rates"_Palace
0	"Samuel"_Goldenberg_and_"Schmuÿle"
0	"Samuel_Hennell"
0	"Samuel_Popplestone"
0	"Samurai"_YS-11
0	"San_Antone"_/_"The_Great_Divide"
0	"San_Ciriaco"
0	"San_Clemente_Times"
0	"San_Timoteo_Canyon_State_Park"
0	"Sandal_bearer"
0	"Sandra_Fluke"
0	"Sapper"
0	"Sarnath_Buddha"
0	"Saskia_Rüter"
0	"Saucy_Jacky"_postcard
0	"Sauerkraut"_missions
0	"Savage"_Steve_Holland
0	"Say_It_Loud_-_I'm_Black_&_I'm_Proud
0	"Say_It_Loud_-_I'm_Black_and_I'm_Proud
0	"Saying_Goodbye_to_Cambridge_Again"
0	"Scarface"_John_Williams
0	"Schutzmannschaften"
0	"Science"_Publishing_House
0	"Science_of_Identity_Foundation"
0	"Scientific"_racism
0	"Scoop"_Jackson
0	"Scooter"_Libby
0	"Scotch_Tom"_Nelson
0	"Scratch_My_Back_/_I'll_Scratch_Yours".
0	"Screamin'"_Norman_Smiley
0	"Screaming"_Norman_Smiley
0	"Se-5HTR"
0	"Second_Battle_of_Picardy"
0	"Secrets_in_the_Walls"
0	"Senator,_you're_no_Jack_Kennedy"
0	"Sender_Garlin"
0	"Senjinkun"_military_code
0	"Sensational"_Sheri
0	"Sensational"_Sherri
0	"Sergeant"_Lacey
0	"Sergio_Barletta"
0	"Serious_Organised_Crime_Act"
0	"Seven_Acre_Shoal"
0	"Seventh_Victim"
0	"Severed_leg_killer"
0	"Shadow_Secretary"_in_UK_govt
0	"Shady"_Jeff_Philips
0	"ShamWow!"_Guy
0	"Shamwow!"_Guy
0	"Shariah_Police"_incident_in_Wuppertal,_Germany_(2014)
0	"Shariah_Police"_incidents_in_Wuppertal,_Germany_(2014)
0	"She_Shoulda_Said_'No'!"
0	"Shoot_first"_law
0	"Shorty"_George
0	"Shorty"_George_Snowden
0	"Shotgun"_Tom_Kelly
0	"Shotgun_Tom"_Kelly
0	"Show_Me_Love_(Not_A_Dream)"
0	"Show_Me_Love_(Not_a_Dream)"
0	"Show_and_Display"
0	"Show_and_Display"_law
0	"Showtime"_Eric_Young
0	"Showtime"_Marching_Band
0	"Si_pal_ki"
0	"Sid_Rumpo"
0	"Sidney_A._Alexander"
0	"Siege_of_Glatz"
0	"Sierra_de_San_Mateo"
0	"Sin"_Blackwood
0	"Singles"
0	"Singles"_(The_Long_Blondes_album)
0	"Sink_the_Bismarck"
0	"Sinopliosaurus"_fusuiensis
0	"Sinđelić"_Theatre
0	"Sir_Lucious_Left_Foot"
0	"Sister_Rosetta"_Tharpe
0	"Skeets"_Gallagher
0	"Skipper"(game_cannon)
0	"Slapsie"_Maxie_Rosenbloom
0	"Sledgehammer"_plot
0	"Slim"_Summerville
0	"Slim_Jim"_Iverson
0	"Slow_Motion_Vol._1"
0	"Smaill's_Beach"
0	"Small_Engine_Repair"
0	"Smart"_Mark_Sterling
0	"Smilin"_Jack_Smith_(music)
0	"Smilin'"_Jack_Smith_(music)
0	"Smokey_Joe"_Wood
0	"Smokin"_Ed
0	"Smokin"_Ed_Currie
0	"Smokin'"_Ed
0	"Smokin'"_Ed_Currie
0	"Snapper"_Foster
0	"Sneaky"_Pete_Kleinow
0	"Snub"_Pollard
0	"So_Long_Celeste"
0	"Soap"_MacTavish
0	"Social_Dynamics:_A_Journal_of_African_Studies"
0	"Societe_Royale_de_Medecine"
0	"Society_of_Gentlemen"
0	"Society_of_Hispanic_Engineers"
0	"Soft_Flowing_Avon"
0	"Soft_top"
0	"Soggy"_Sweat
0	"Solidarity"_Szczecin-Goleniow_Airport
0	"Solidarity"_Szczecin-Goleniów_(airport)
0	"Solidarity"_Szczecin-Goleniów_Airport
0	"Solidarity"_Szczecin–Goleniow_Airport
0	"Solidarity"_Szczecin–Goleniów_(airport)
0	"Solidarity"_Szczecin–Goleniów_Airport
0	"Something_like_Summer"_(Novel)
0	"Sonny"_Williams
0	"Sons_of_Moses"
0	"Sophie_von_Schardt"
0	"South_Downs_(Play)"
0	"Southern_Blackfoot"
0	"Southern_Compromise"
0	"Southern_New_Jersey_Railroad"
0	"Southern_Technical_College"
0	"Southland_Credit_Union"
0	"Sovereign_citizen"_movement
0	"Sovereign_citizens"_movement
0	"Soviet_Council_of_Ministers"
0	"Spaghetti_Bowl"_Effect
0	"Spanky"_McFarland
0	"Sparkle"_God_Help_Me
0	"Sparkplug_Comics"
0	"Sparta"_Battalion
0	"Speed"_Holman
0	"Speed"_Riggs
0	"Speed_3"
0	"Speedy"_Atkins
0	"Speedy"_Keen
0	"Speedy"_Keene
0	"Spice"_guided_bomb
0	"Spice"_guided_bombs
0	"Spice"_munition
0	"Spider"_John_Koerner
0	"Spike"_Robinson
0	"Spirillum_minus"
0	"Spirit_of_the_Dawn"_(ship)
0	"Spooky"_Mulder
0	"Sports_1_Marketing"
0	"Spring_Drive_Mobile_Home_Park"
0	"Spud"_(Peter)_Rowsell
0	"Squasher"_Humphrey
0	"Squire"_David_Taylor
0	"Squirt"_the_whale
0	"Sr."
0	"Sr."_(Film)
0	"St._Cyril_and_St._Methodius"_University_of_Veliko_Tarnovo
0	"St._Hubert's_Church"
0	"St._Stanislaus_College"
0	"St_Gregory_College"
0	"St_Pancras_Festival"
0	"Stairway_to_the_Stars"
0	"Stanković"_Musical_School
0	"Star_Ferry"_Pier
0	"Stark_Township"
0	"Stars_and_Satellites"_(album)
0	"State_Council_of_the_USSR"
0	"State_terrorism"_and_the_United_States
0	"Steady"_Ed_Headrick
0	"Steal_Away."
0	"Steamboat_Bill"_Hudson_Memorial_Bridge
0	"Steeplejack"_Charles_Miller
0	"Stephen_Priest"
0	"Steyler_Bank"
0	"Sticks"_Evans
0	"Stile_concitato"
0	"Still_Life"_(American_Concert_1981)
0	"Still_Life"_at_the_Penguin_Cafe
0	"Still_image_film"
0	"Stochastic_difference_equation"
0	"Stone_Cold"_Steve_Austin
0	"Stonewall_was_a_riot"
0	"Stop_and_identify"_statutes
0	"Storm"_cigarettes
0	"Straight-Fronted"_Corset
0	"Straight-Fronted"_Edwardian_Corset
0	"Straightaway"_Jazz_Themes
0	"Strandhugg_på_Kavringen"
0	"Stranger_in_the_House"_(song)
0	"Strathbogie_Ranges"
0	"Streams_of_Expression"
0	"Strike_South"_Group
0	"Stromness_Museum"
0	"Structural_design_patterns"
0	"Students_for_Cooperation"
0	"Stunning"_Steve_Austin
0	"Stunning"_Steve_Williams
0	"Sturm"_cigarettes
0	"Stuttering"_John_Melendez
0	"Stuttering_John"_Melendez
0	"Subject_To"_Mortgage
0	"Subsistit_in"_in_Lumen_Gentium
0	"Suga"_Rashad_Evans
0	"Sugar"_Kiper
0	"Sugar"_Ray_Robinson
0	"Sugar"_Shane_Mosley
0	"Sugar_Bear"_Harris
0	"Sugar_Chile"_Robinson,_Billie_Holiday,_Count_Basie_and_His_Sextet
0	"Sugar_Ray"_Lloyd
0	"Suicide_Tourist"
0	"Suitcase"_Simpson
0	"Suki"_to_Iu_Kotoba
0	"Sun_in_Our_Eyes"
0	"Sunday_morning"_Christian
0	"Sunset"_Brown
0	"Sunshine"_Sonny_Payne
0	"Super_Dinosaur"
0	"Super_Mario_Bros._35"
0	"Super_Sentinel"_Steam_Waggon
0	"Superfly"_Jimmy_Snuka
0	"Superg!rl"
0	"Superstar"_Bill_Dundee
0	"Superstar"_Billy_Graham
0	"Superstar"_Bob_Holly
0	"Superstar"_Steve_Austin
0	"Surfer"_Ray_Odyssey
0	"Survival_Town"_Atom_Test
0	"Survivor"_(Tamil_season_2)
0	"Sv._Dimitrija_Solunski",_Springvael
0	"Sv._Gorgi_i_Presveta_Bogorodica",_Eping
0	"Sv._Jovan_Krstitel",_Dzilong
0	"Sv._Jovan_Krstitel",_Džilong
0	"Sv._Prorok_Ilija",_Futskraj
0	"Sv._Ǵorǵi",_Ficroj
0	"Sv._Ǵorǵi_i_Presveta_Bogorodica",_Eping
0	"Sv_Dimitrija_Solunski",_Springvael
0	"Sv_Jovan_Krstitel",_Dzilong
0	"Sv_Jovan_Krstitel",_Džilong
0	"Sv_Prorok_Ilija",_Futskraj
0	"Sv_Ǵorǵi",_Ficroj
0	"Sveta_Petka",_Mill_Park
0	"Sveti_Dimitrija_Solunski",_Springvael
0	"Sveti_Gorgi_i_Presveta_Bogorodica",_Eping
0	"Sveti_Jovan_Krstitel",_Dzilong
0	"Sveti_Jovan_Krstitel",_Džilong
0	"Sveti_Prorok_Ilija",_Futskraj
0	"Sveti_Ǵorǵi",_Ficroj
0	"Sveti_Ǵorǵi_i_Presveta_Bogorodica",_Eping
0	"Swamplands_Act_of_1850"
0	"Swede"_Hanson
0	"Swede"_Momsen
0	"Sweet"_Charles_Sherrell
0	"Sweet"_Sue_Terry
0	"Sweet_Alice"_Harris
0	"Sweet_Emma"_Barrett
0	"Sweet_N'_Sour"_Larry_Sweeney
0	"Sweet_Pea"_Atkinson
0	"Sweets"_Edison
0	"Sweets"_for_the_Sweet
0	"Swift_Roermond"
0	"Swiftwater"_Bill_Gates
0	"Swiss_Nanny"_Case
0	"Syaoran"_(Tsubasa:_Reservoir_Chronicle)
0	"Syllogistic_argument"
0	"Syxx_Pac"_Sean_Waltman
0	"T"-Post
0	"T"-post
0	"T"_Is_for_Trespass
0	"T"_is_for_Trespass
0	"T"_post
0	"T._S._Matthews"
0	"TV"_Tommy_Ivo
0	"Tac-plane"
0	"Tag_Games"
0	"Tai_Shan"
0	"Taiwanese_hamburger"
0	"Tajik_Air"
0	"Tajik_Air"_Airline
0	"Take_Me"_(George_Jones_song)
0	"Take_Me_Away"
0	"Tamara_Castro"
0	"Tampa_Red"_Whittaker
0	"Tanius"_laiyangensis
0	"Tanky"_Challenor
0	"Taproot:_A_Story_About_a_Gardener_and_a_Ghost"_by_Keezy_Young
0	"Tara",_Cairo
0	"Tauherenikau_Racecourse"
0	"Tear_down_this_wall!"
0	"Teardrop"
0	"Tee_Joe"_Gonzales
0	"Teiruzu_Obu"_Shirīzu
0	"Telangana_Lokayukta"
0	"Tennessee"_Ernie_Ford
0	"Tennessee_Kid"_Cooper
0	"Tex"_Johnston
0	"Tex"_O'Brian
0	"Tex"_O'Brien
0	"Texas_Star"_State_Fair_of_Texas
0	"Texas_Women_(Don't_Stay_Lonely_Long)"
0	"Textbook"_Tyson_Dux
0	"That's_What_They_All_Say"
0	"The_90th_Anniversary_of_the_Armed_Forces_of_Azerbaijan_1918-2008"_Medal
0	"The_Above_Ground_Sound"_of_Jake_Holmes
0	"The_Airline_Run_by_Flyers"
0	"The_Alpha_Male"_Monty_Brown
0	"The_American_Dream"_Dusty_Rhodes
0	"The_American_Widow_Project"
0	"The_Archbishop"
0	"The_Australian_Feminist_Law_Journal"
0	"The_Baby_in_the_Icebox"
0	"The_Barber"_Beefcake
0	"The_Baron"_Lamm
0	"The_Base"
0	"The_Beam_of_Evil"_(アクマイト光線,_Akumaitokōsen,_lit._"The_Devilmite_Beam")
0	"The_Big_Blue_Bug"
0	"The_Big_Five"
0	"The_Big_Show"_Paul_Wight
0	"The_Big_Trip_Up_Yonder"
0	"The_Biochemical_Society_/_Portland_Press"
0	"The_Bird"_(George_Jones_song)
0	"The_Bold_and_the_Beautifu"l_characters_(2013)
0	"The_Boob"_MGM_film
0	"The_Book_of_Small"
0	"The_British_Bulldog"_Davey_Boy_Smith
0	"The_Bullet"_Scott_Armstrong
0	"The_Cajun_Contractor"_Michael_King_(Radio_Host)
0	"The_Chin"_Gigante
0	"The_Coming_of_King_Cold"_(フリーザ親子地球に降り立つ,_Furīza_Oyako_Chikyū_ni_Oritatsu,_lit._"Freeza_and_his_Father_Descend_to_Earth")
0	"The_Constitution_is_not_a_suicide_pact"
0	"The_Cornwall"
0	"The_Crusader"
0	"The_Dance"_(song)
0	"The_Day_After_Yesterday"
0	"The_Demon"_Finn_Bálor
0	"The_Devoted_Friend"
0	"The_District"_at_Southern_Miss
0	"The_Doomsday_Machine"_(Star_Trek:_The_Original_Series)
0	"The_Dover_Boys_at_Pimento_University"_or_"The_Rivals_of_Roquefort_Hall"
0	"The_Dream"_Olajuwon
0	"The_Ebonys"
0	"The_End_of_Eden"
0	"The_European_Lawyer"
0	"The_Fallen_Angel"_Christopher_Daniels
0	"The_Fiend"_Bray_Wyatt
0	"The_Free_Spirit"_Rick_Titan
0	"The_Galactic_Patrolman's_Enforcement"_(銀河パトロールの制裁,_Ginga_Patorōru_no_Seisai)
0	"The_Game"
0	"The_Geographical_Pivot_of_History"
0	"The_Golden_Brett"_Hull
0	"The_Golden_Sprig"
0	"The_Good_War"
0	"The_Grange",_Soldiers_Hill,_Ballarat
0	"The_Head"
0	"The_Heathen_in_his_Blindness..."_(Book)
0	"The_Heroes_of_Olympus"
0	"The_Hidden_Room"_(1991-1993_anthology_series)
0	"The_Honeydogs"
0	"The_Humbler"
0	"The_Jewish_Enquirer"
0	"The_John_Hour"
0	"The_King"_Strip_Weathers
0	"The_Lake"
0	"The_Man_From_the_USSR"_and_Other_Plays
0	"The_Man_From_the_USSR"_and_Other_Plays:_With_Two_Essays_on_the_Drama
0	"The_Man_From_the_USSR"_and_Other_Plays:_with_Two_Essays_on_the_Drama
0	"The_Man_From_the_USSR"_and_Other_Plays:_with_two_essays_on_the_drama
0	"The_Man_From_the_USSR"_and_Other_Plays_:_With_Two_Essays_on_the_Drama
0	"The_Man_From_the_USSR"_and_Other_Plays_:_with_two_essays_on_the_drama
0	"The_Man_From_the_USSR"_and_other_Plays
0	"The_Man_From_the_USSR"_and_other_Plays:_With_Two_Essays_on_the_Drama
0	"The_Man_From_the_USSR"_and_other_Plays:_with_Two_Essays_on_the_Drama
0	"The_Man_From_the_USSR"_and_other_Plays:_with_two_essays_on_the_drama
0	"The_Man_From_the_USSR"_and_other_Plays_:_With_Two_Essays_on_the_Drama
0	"The_Man_From_the_USSR"_and_other_Plays_:_with_two_essays_on_the_drama
0	"The_Man_From_the_USSR"_and_other_plays
0	"The_Man_From_the_USSR"_and_other_plays:_With_Two_Essays_on_the_Drama
0	"The_Man_From_the_USSR"_and_other_plays:_with_Two_Essays_on_the_Drama
0	"The_Man_From_the_USSR"_and_other_plays:_with_two_essays_on_the_drama
0	"The_Man_From_the_USSR"_and_other_plays_:_With_Two_Essays_on_the_Drama
0	"The_Man_From_the_USSR"_and_other_plays_:_with_two_essays_on_the_drama
0	"The_Man_from_the_USSR"_and_Other_Plays
0	"The_Man_from_the_USSR"_and_Other_Plays:_With_Two_Essays_on_the_Drama
0	"The_Man_from_the_USSR"_and_Other_Plays:_with_Two_Essays_on_the_Drama
0	"The_Man_from_the_USSR"_and_Other_Plays:_with_two_essays_on_the_drama
0	"The_Man_from_the_USSR"_and_Other_Plays_:_With_Two_Essays_on_the_Drama
0	"The_Man_from_the_USSR"_and_Other_Plays_:_with_two_essays_on_the_drama
0	"The_Man_from_the_USSR"_and_other_Plays
0	"The_Man_from_the_USSR"_and_other_Plays:_With_Two_Essays_on_the_Drama
0	"The_Man_from_the_USSR"_and_other_Plays:_with_Two_Essays_on_the_Drama
0	"The_Man_from_the_USSR"_and_other_Plays:_with_two_essays_on_the_drama
0	"The_Man_from_the_USSR"_and_other_Plays_:_With_Two_Essays_on_the_Drama
0	"The_Man_from_the_USSR"_and_other_Plays_:_with_two_essays_on_the_drama
0	"The_Man_from_the_USSR"_and_other_plays
0	"The_Man_from_the_USSR"_and_other_plays:_With_Two_Essays_on_the_Drama
0	"The_Man_from_the_USSR"_and_other_plays:_with_Two_Essays_on_the_Drama
0	"The_Man_from_the_USSR"_and_other_plays:_with_two_essays_on_the_drama
0	"The_Man_from_the_USSR"_and_other_plays_:_With_Two_Essays_on_the_Drama
0	"The_Man_from_the_USSR"_and_other_plays_:_with_two_essays_on_the_drama
0	"The_Masterpiece"_Chris_Masters
0	"The_Masterwork"_Award_Winning_Fish-Knife
0	"The_Million_Dollar_Man"_Ted_DiBiase
0	"The_Model"_Rick_Martel
0	"The_Monster"_Abyss
0	"The_Mysterious_Warrior_From_Space"_(謎の異星人戦士,_Nazo_no_Iseijin_Senshi)
0	"The_Natural"_Kenny_King
0	"The_Nature_Boy"_Ric_Flair
0	"The_Nature_Zone"
0	"The_Needs_of_the_Many"_(さようなら孫そん悟ご空くう,_Sayōnara_Son_Gokū,_lit._"Farewell,_Son_Goku")
0	"The_Night_Is_Still_Young_(Nicki_Minaj_song)"
0	"The_November_Plan"
0	"The_One"_Billy_Gunn
0	"The_Only_Unavoidable_Subject_of_Regret"
0	"The_Original_Chaperones"
0	"The_Outies"
0	"The_Perfect_Drug"_Versions
0	"The_Perfect_Season"
0	"The_Political_Language_of_Islam"
0	"The_Politics_of_Genocide"
0	"The_Portal"
0	"The_Portuguese_Princess"_Ariel
0	"The_President_Own"
0	"The_Press_of_James_A._Decker"
0	"The_Punisher"_Andrew_Martin
0	"The_Punisher"_Dice_Morgan
0	"The_Queen"_How_Do_You_Solve_a_Problem_Like_Camilla?
0	"The_Rabid_Wolverine"_Chris_Benoit
0	"The_Rage_of_Beerus"_(ビルスの怒り,_Birusu_no_Ikari)
0	"The_Red_and_the_Black"
0	"The_Reverend"_Bob_Levy
0	"The_Rim"_and_Site_of_Fort_Foster
0	"The_Rival_Sisters:_or,_The_Violence_of_Love"
0	"The_Rock"_Don_Muraco
0	"The_Rock"_Dwayne_Johnson
0	"The_Russian_Bear"_Ivan_Koloff
0	"The_Satanic_Verses"_incident
0	"The_Service_for_Representing_Adam"
0	"The_Shadows"_Nepal
0	"The_Ship",_Derriford
0	"The_Silent_Holocaust"
0	"The_Simpsons"_(season_34)
0	"The_Simpsons"_shorts
0	"The_Skull"_Big_Vito
0	"The_Spaghetti_Incident?"
0	"The_Spanish_Inquisition"_(Monty_Python)
0	"The_Speech"
0	"The_Statement"_Andruew_Tang
0	"The_Sticking_Point_Solution"
0	"The_Take_Over,_The_Breaks_Over"
0	"The_Take_Over,_the_Breaks_Over"
0	"The_Taskmaster"_Kevin_Sullivan
0	"The_Three"_&_"The_Two"
0	"The_Tiger's_Way"
0	"The_Truth"_Austin_Aries
0	"The_Tuscan_Treaty:_or,_Tarquin's_overthrow"
0	"The_Vampyre"
0	"The_Waistcoat"_("Kamizelka")_by_Boleslaw_Prus
0	"The_Wakefield"
0	"The_Wandering_Prince_of_Troy"
0	"The_Ward_Singers"
0	"The_Washington_Post"_(march)
0	"The_World"_(Dubai)
0	"The_York_Water_Company"
0	"The_bomber_will_always_get_through"
0	"The_only_unavoidable_subject_of_regret"
0	"The_public_be_damned!"
0	"The_rich_get_richer_and_the_poor_get_poorer"
0	"The_terrorists_have_won"
0	"Theloderma"_andersoni
0	"Them"
0	"Them"_(King_Diamond_album)
0	"Then_Came_the_Last_Days_of_May"
0	"There_Are_Things_I_Want_You_to_Know"_About_Stieg_Larsson_and_Me
0	"There_Is_Only_The_Fight...":_An_Analysis_of_the_Alinsky_Model
0	"There_Is_Only_The_Fight…":_An_Analysis_of_the_Alinsky_Model
0	"There_is_a_bear_in_the_woods"
0	"There_you_go_again"
0	"They_Can_Live_in_the_Desert_but_Nowhere_Else"
0	"They_Can_Live_in_the_Desert_but_Nowhere_Else":_A_History_of_the_Armenian_Genocide
0	"Things_on_Korea"
0	"Think_Different"
0	"Think_of_the_children"
0	"This_Is_Our_Punk-Rock",_Thee_Rusted_Satellites_Gather_+_Sing
0	"This_Is_Our_Punk-Rock",_Thee_Rusted_Satellites_Gather_+_Sing,
0	"This_Is_Our_Punk-Rock"_Thee_Rusted_Satellites_Gather+Sing
0	"This_Is_Our_Punk-Rock,"_Thee_Rusted_Satellites_Gather+Sing
0	"This_Is_Our_Punk-Rock,"_Thee_Rusted_Satellites_Gather+Sing,
0	"This_Is_Our_Punk-Rock,"_Thee_Rusted_Satellites_Gather_+_Sing
0	"This_Is_Our_Punk-Rock,"_Thee_Rusted_Satellites_Gather_+_Sing,
0	"This_Is_Our_Punk-Rock,"_Thee_Rusted_Satellites_Gather_and_Sing
0	"This_Is_Our_Punk_Rock,"_Thee_Rusted_Satellites_Gather+Sing
0	"This_Is_Our_Punk_Rock,"_Thee_Rusted_Satellites_Gather_+_Sing
0	"This_Little_Piggy"_(Justice_League_Unlimited_episode)
0	"This_Perfect_Life"
0	"Thomas_Dimuzio"
0	"Thomas_Grassmann"
0	"Thomas_Image"
0	"Those_who_are_Whispered"
0	"Thousand_points_of_light"
0	"Three_Dreams_in_a_Desert"
0	"Three_Words"
0	"Thrive"
0	"Throne_of_Lies"
0	"Thumbs"_Carllile
0	"Thunderbolt"_Ross
0	"Tiara"_(Poem)
0	"Tibet_Airlines"
0	"Tiger"_Dunlop
0	"Tiger"_John_Pesek
0	"Tiger"_William_Dunlop
0	"Time"_(Bunny_Rugs_album)
0	"Time"_Bunny_Rugs_album
0	"Time"_by_Bunny_Rugs
0	"Timothy_V_Murphy"
0	"Tin_Ha_Shan"
0	"Tinglerz"
0	"Tinker"_Fox
0	"Tiny"_Lipson
0	"Tiny"_Reed
0	"Tiny"_Reed_(football_coach)
0	"Tiny"_Rowland
0	"Tiny"_Sturgess
0	"Tio_Ruy"_de_Freitas
0	"To_be,_or_not_to_be"
0	"To_the_Rose_upon_the_Rood_of_Time"
0	"Tokie"_Slaughter
0	"Toll_Gate"
0	"Toltec_people"
0	"Tom"_Adams
0	"Tom_Segura:_Completely_Normal"
0	"Tommy"_Yeo-Thomas
0	"Too_Tall"_Jones
0	"Tootie"_Montana
0	"Toots"_Mondt
0	"Top_Sellers_Limited"
0	"Topher"_Ricketts
0	"Toro_de_la_Vega"_Tournament
0	"Total_route_modernisation"
0	"Tour_de_Azerbaijan"
0	"Translational_Research_Institute"
0	"Transport_Act_1981"
0	"Trapper"_John_MacIntyre
0	"Tree-Athlon"
0	"Trelawny",_Black_Hill,_Ballarat
0	"Trelawny:,_Soldiers_Hill,_Ballarat
0	"Trinitarian_Baptismal_Formula"
0	"Triumphal_Arch"_of_Orange
0	"Tropheryma"
0	"Troy_Townsend""
0	"Truck_Boat_Truck"
0	"Truck_Drivin'_Man"
0	"True"_Orthodox_Christians
0	"Trump_Won"_conspiracy_theory
0	"TsSKB-Progress"_Samara_Space_Center
0	"Tsuki-yama-chisen"_Japanese_Garden
0	"Tumeur_d'emblée"_type_mycosis_fungoides
0	"Tupolev"_PSC
0	"Tupolev"_Public_Stock_Company
0	"Turk"_Murphy
0	"Turn_A"_Gundam
0	"Turners_Wood"
0	"Turnip"_Townshend
0	"Turnip_Day"_session
0	"Turtle_walk"
0	"Turtles_all_the_way_down"
0	"Tuttovale"_Menon
0	"Twilight"_Suzuka
0	"Two-Tone"_Tommy
0	"Two_Ton"_Tony_Galento
0	"Two_Tone"_Tommy
0	"Type_26_Global_Combat_Ship"
0	"U"_Is_for_Undertow
0	"U"_Jolidon_Cluj_Napoca
0	"U"_is_for_Undertow
0	"U"_roads
0	"UR-CIC"
0	"USDA_Coalition_of_Minority_Employees"
0	"USSR_Council_of_Ministers"
0	"USSR_Ministry_of_Culture"
0	"Ugly_Bear"_Harris
0	"Ultimate_Thanksgiving_Challenge"
0	"Umka"_(1969_film)
0	"Unbelievable_Mysteries_Solved"_Lost_and_Found_(TV_series)
0	"Uncle"_(EastEnders)
0	"Uncle"_Jimbo_Kern
0	"Uncle"_Marty_Stern
0	"Uncle_Cyp"_and_"Aunt_Sap"_Brasfield
0	"Uncle_Sam_Quarterly"
0	"Uncle_Ted"_Raub
0	"Uncle_Tom's_Cabin"_Contrasted_with_Buckingham_Hall,_the_Planter's_Home
0	"Underground_Pentagon"
0	"Union"_Political_Movement
0	"Union_of_England,_Scotland_and_Ireland"
0	"United_American_Patriots"
0	"Unity"_song_by_MBD
0	"University_Rey_Juan_Carlos"
0	"University_Wire"
0	"Unk"_in_Funk
0	"Unplugged"_Live
0	"Until_We_Meet_Again"_(さらば悟ご空くう…また逢あう日ひまで,_Saraba_Gokū…_Mata_Au_Hi_made,_lit._"Goodbye,_Goku…_Until_the_Day_We_Meet_Again")
0	"Untitled"_(America)
0	"Untitled"_(Perfect_Lovers)
0	"Untitled"_(Portrait_of_Ross_in_L.A.)
0	"Upper_Troy"
0	"Urban_Interventionism"
0	"V"-berth
0	"V"_Device
0	"V"_Is_For_Vagina
0	"V"_Is_For_Viagra
0	"V"_Is_for_Vagina
0	"V"_Is_for_Vengeance
0	"V"_Is_for_Viagra
0	"V"_Is_for_Viagra._The_Remixes
0	"V"_device
0	"V"_is_For_Vagina
0	"V"_is_For_Viagra._The_Remixes
0	"V"_is_for_Vagina
0	"V"_is_for_Vengeance
0	"V"_is_for_Viagra
0	"V"_is_for_Viagra._The_Remixes
0	"V.B._Price"
0	"V/H/S"
0	"V/W"_class_destroyer
0	"Vale_Castle"
0	"Van_Atta_High"
0	"Vanilla_Chainsaws"
0	"Varsha_Jain"
0	"Vasile_Lupu"_High_School_Group
0	"Vasile_Pârvan"_Institute_of_Archaeology
0	"Vat._Ar."
0	"Velhote"
0	"Veljko_Vlahović"_University
0	"Velvet_Film"
0	"Vestland,_Vestland"
0	"Vets_for_Change"
0	"Vichy_French_Metropolitan_Army"
0	"Vicio_latino"
0	"Vicious"_Vic_Grimes
0	"Victim_of_the_Mormons"
0	"Victor_J._Torres"
0	"Video_Detection_and_Ranging"
0	"Vietnam_Talking_Blues"
0	"Vince_Peach"
0	"Viola_White"
0	"Violet_Helen_Teague"
0	"Virgin_Ground"
0	"Virgin_goddess"
0	"Virginia_iris"
0	"Vision_thing"
0	"Vittorio_Scialoja"
0	"Vladimir_Portnoy"
0	"Vladivostok_Air"
0	"Volcanic"_Brown
0	"Volkswagen_Law"
0	"Voz_De_Mando"
0	"Vân_Ánh_Võ"
0	"W"_Hour
0	"W"_Is_for_Wasted
0	"W._Warren_Allmand"
0	"WE"_(1927_book)
0	"Wahpper"_the_World's_Largest_Catfish
0	"Wallace_M._Rogerson"
0	"Wang_Yeong"
0	"Wanna_Be_Startin'_Somethin'"
0	"Want_You_in_My_Room"
0	"Wanted"_poster
0	"War_on_women"
0	"Ward_Singers"
0	"Warhead"
0	"Warrior"
0	"Warriors_For_the_Working_Day"
0	"Wasp_dope"
0	"Water_Night"_Eric_Whitacre
0	"Waveform_Records"
0	"Way_Out"_Alliance
0	"We're_Being_Pressured_into_Sex_by_Some_Trans_Women"
0	"We're_being_pressured_into_sex_by_some_trans_women"
0	"We_Ain't_What_We_Was"
0	"We_Ain't_What_We_Was":_Civil_Rights_in_the_New_South
0	"We_Belong_Together_(Campaign)"
0	"We_Belong_Together_(campaign)"
0	"We_Owe_Allegiance_to_No_Crown"
0	"We_Two_Pty_Ltd_v_Shorrock_(2002)"
0	"We_begin_bombing_in_5_minutes"
0	"We_begin_bombing_in_five_minutes"
0	"We_choose_to_go_to_the_Moon"
0	"We_the_People"_initiative
0	"Wee"_Bonnie_Baker
0	"Wee_Willie"_Davis
0	"Weird"_Al_Yankovic
0	"Weird_Al"
0	"Weird_Al"_Yanckovic
0	"Weird_Al"_Yancovic
0	"Weird_Al"_Yankovic
0	"Weird_Al"_Yankovic's_Greatest_Hits
0	"Weird_Al"_Yankovic:_The_Ultimate_Collection
0	"Weird_Al"_Yankovic:_The_Ultimate_Video_Collection
0	"Weird_Al"_Yankovic:_The_Videos
0	"Weird_Al"_Yankovic_(album)
0	"Weird_Al"_Yankovic_-_Greatest_Hits_Volume_II
0	"Weird_Al"_Yankovic_In_3-D
0	"Weird_Al"_Yankovic_In_3D
0	"Weird_Al"_Yankovic_Live!
0	"Weird_Al"_Yankovic_Live!:_The_Alpocalypse_Tour
0	"Weird_Al"_Yankovic_Live!_-_The_Alpocalypse_Tour
0	"Weird_Al"_Yankovic_Live!_–_The_Alpocalypse_Tour
0	"Weird_Al"_Yankovic_discography
0	"Weird_Al"_Yankovic_in_3-D
0	"Weird_Al"_Yankovic_on_Television
0	"Weird_Al"_Yankovic_videography
0	"Weird_Al"_Yankovick
0	"Weird_Paul"_Petroskey
0	"Welcome_to_Fabulous_Las_Vegas"_Sign,_The
0	"Welcome_to_Holland"
0	"Welcome_to_Marwencol"
0	"Welcome_to_the_LBJ_Ranch!"
0	"Welcome_to_the_LBJ_Ranch"
0	"Welding"_Kumar
0	"Wesleyan_Methodist_College"
0	"West_Midlands_Designer_Outlet"
0	"Westvaco_Building"
0	"Wet"_aluminium_capacitor
0	"Wet"_aluminum_capacitor
0	"Wet"_electrolytic_capacitor
0	"What!_Still_Alive?!"
0	"What!_Still_Alive?!":_Jewish_Survivors_in_Poland_and_Israel_Remember_Homecoming
0	"What_Did_I_Do_To_You?"
0	"What_Do_You_Mean"
0	"What_I_eat_in_a_day"_trend
0	"What_I_eat_in_a_day"_video
0	"What_I_eat_in_a_day"_video_trend
0	"What_I_eat_in_a_day"_videos
0	"What_If_We_(Swam)_into_Nothing?"
0	"What_Is_This_Heart"
0	"What_Is_This_Heart?"
0	"What_about_the_children?!_Won't_somebody_please_think_of_the_children
0	"What_about_the_children?!_Won't_somebody_please_think_of_the_children!?"
0	"What_about_the_children?!_Won't_somebody_please_think_of_the_children?!"
0	"When_Christmas_Comes"
0	"When_We_Was_Fab"
0	"When_icicles_hang_by_the_wall"
0	"Where's_the_beef?"
0	"Where_Are_Your_Keys?"
0	"Where_are_Your_Keys?"
0	"Where_are_your_keys?"
0	"Whisky_and_Ghosts"
0	"Whispering"_Bill_Anderson
0	"Whispering"_Jack_Smith
0	"Whispering"_Jack_Smith_(music)
0	"Whistling"_Jack_Smith_(music)
0	"White"_Russian
0	"White"_Russians
0	"Whitey"_Bulger
0	"Whitey"_Harrison
0	"Whizzer"_White
0	"Whizzer"_White_NFL_Man_of_the_Year_Award
0	"Who_Made_Huckabee"_feud
0	"Who_is_a_Jew?"
0	"Why_Britain_is_at_War"
0	"Wicked_Will"_Talbot
0	"Wierd_Al"
0	"Wierd_Al"_Yancovic
0	"Wierd_Al"_Yankovic
0	"Wierd_Al"_Yankovich
0	"Wild"_Bill_Catt
0	"Wild"_Bill_Davison
0	"Wild"_Bill_Elliott
0	"Wild"_Bill_Longson
0	"Wild"_Bull_Curry
0	"Wild"_Red_Berry
0	"Wild_Bill"_Davison
0	"Wild_Bill"_Elliott
0	"Wild_Bill"_Hickman
0	"Wild_Bill"_Hickok
0	"Wild_Bull"_Curry
0	"Wild_Willie"_Borsch
0	"Wildcat"_Chris_Harris
0	"Wildfire"_Tommy_Rich
0	"Wildman"_Gary_Williams
0	"Wildman"_Steve_Brill
0	"Willa_Willa"
0	"William_Archer_Price"
0	"William_B._Lacy"
0	"William_Bringans"
0	"William_Chesterman"
0	"William_Edenborn"
0	"William_Graziadei"
0	"William_McCormick"
0	"William_Rufus_Chetwood"
0	"Windy"_Gale
0	"Wings"_(Ringo_Starr_song)
0	"Wings_Across_America_2008_(WAA-08)"
0	"Wisla"_Action
0	"Wisła"_Action
0	"Woah"_(song)
0	"Wodrig"_Corps
0	"Wodrig"_Corps_(Germany)
0	"Woman_in_the_Mists"
0	"Women's_rights_are_human_rights"
0	"Women_and_children_first"
0	"Women_are_wonderful"
0	"Women_are_wonderful"_effect
0	"Women_in_Nuclear"
0	"Women_in_the_United_States"
0	"Wood_Tiger"
0	"Wooden_Sword"_Ryu
0	"Woody"_Allen
0	"Woody"_Strode
0	"Woody"_Vernon_Crompton_Woodward
0	"World_industrial_design_day"
0	"Wow"_signal
0	"Wreckin'_Ball"
0	"Wrong_Number"_(George_Jones_song)
0	"Wrong_Way"_Corrigan
0	"X"_(novel)
0	"X"_One_Design
0	"X_Marks"
0	"Xtreme"_Dean_Allmark
0	"Y"_City,_Arkansas
0	"Y"_Is_for_Yesterday
0	"YMCA"_dance
0	"YOYO"_Economics
0	"Yahoo_Software"
0	"Yahoo_Software"_(disambiguation)
0	"Yank"_Levy
0	"Yeah"_Is_What_We_Had
0	"Yearning"_(song)
0	"Yelq"_Alliance
0	"Yes,_And"_rule
0	"Yes_We_Can"_Community_Center
0	"Yesterday"_..._and_Today
0	"Yesterday"_...and_Today
0	"Yesterday"_and_Today
0	"Yesterday's_News"
0	"Yo_mama"_joke
0	"Yogi"_Stewart
0	"You're_Gonna_Miss_It_All"
0	"You're_No_Good"_(Jesse_Fuller_song)
0	"You've_Got"_the_Touch
0	"You_Want_a_Battle?_(Here's_a_War)"
0	"You_are_either_with_us,_or_against_us"
0	"You_didn't_build_that"
0	"Young_Joon_Kwak"
0	"Youngblood"_Chapman
0	"Yssichromis"_sp._'argens'
0	"Yuansu_Zhang"
0	"Yum_Yum_Bedlam"
0	"Yume"_~Mugen_no_Kanata~
0	"Z"_Is_for_Zero
0	"Z"_no_Chikai
0	"ZHARA"_International_Music_Festival
0	"Zebra"
0	"Zelný_trh"_Brno_market
0	"Zico"_Otieno
0	"Zionism_is_racism"_resolution
0	"Zizi"_Lambrino
0	"Zoe"_Jeanne_Louise_Victoire
0	"Zoë"_Jeanne_Louise_Victoire
0	"_"
0	"_'—And_He_Built_a_Crooked_House—'_"
0	"_(disambiguation)
0	"_Hg
0	"_WC
0	"_of_Hg
0	"_wc
0	"a_bug's_Land"
0	"a_bug's_land"
0	"ag_pipe"
0	"almost_whole-tone"_hexachord
0	"anchoring"_in_journalism
0	"appropriate_for_minors"
0	"as_applied"_challenge
0	"auto_polarity"
0	"b_western"
0	"badger_boys_state"
0	"banjo_steering_wheel"
0	"banner"_ads
0	"beit_israel"
0	"big_johnson"
0	"blank_studio_architecture"
0	"blood_spinning"
0	"blue_light_station"
0	"bob's_game"
0	"books_USA"
0	"brother"_Yasshi
0	"bullet_shell"
0	"bundle_protocol"
0	"bunker_risk"
0	"cat_in_a_box"
0	"charge_on_file"
0	"charles_ramsay"
0	"chicago_invitational_challenge"
0	"chop_chop"
0	"cis"-SNARE_complex
0	"class_132"
0	"classic"_Mac_OS
0	"code_chill"
0	"colour_factor"
0	"communistic_society"
0	"communitarian_experiment"
0	"complete_class_theorem"
0	"concept_blending"
0	"cooperative_control"
0	"critical_policy_analysis"
0	"dMCL"
0	"dasa_pushpa"
0	"data_viz"
0	"de_Rocco"
0	"dead_man's_bones"
0	"deep_plowing"
0	"default_credit_swap"
0	"defect_criticality"
0	"delay_train"
0	"delicate_investigation"
0	"demi-regiment"
0	"din_fiv"
0	"don't_care"_point
0	"dot-com"_boom
0	"dry"_aluminium_capacitor
0	"dry"_aluminum_capacitor
0	"dry"_electrolytic_capacitor
0	"dry_spell"
0	"dunduff_castle"
0	"each_against_all"
0	"effective_power"_(bug)
0	"electro-shock_device"
0	"ellis_act"
0	"elqTrack"
0	"enacted_community"
0	"everything"_bagel
0	"false_positives"_scandal
0	"false_testimony_under_oath"
0	"federated_identity_service"
0	"female_illusionist"
0	"field_change_cancerization"
0	"first_drafts_of_rock"
0	"first_passage_time"
0	"fixing"_nitrogen
0	"forensic_osteology"
0	"fort_lean"
0	"fun"_degree
0	"galerie_gmurzynska"
0	"games_for_heroes"
0	"gas_guzzler"_tax
0	"godless_painters"
0	"gold_standard"_trial
0	"gospel_writers"
0	"grand_rights"
0	"green_ginger"
0	"grill"_method
0	"hammer_value"
0	"hands_free_cpr"
0	"hello,_world!"_program
0	"heneghan_peng_architects"
0	"hippie"
0	"holocaust_revisionism"
0	"i"
0	"i"_(A.R._Kane_album)
0	"indonesian_medical_olympiad"
0	"intercollegiate_football"
0	"island_one"_design
0	"island_one"_space_habitat
0	"it's_a_small_world"
0	"kadu"_&_"Gudi"
0	"kakas"
0	"kennedy_yanko"
0	"kg/m³"
0	"km³"
0	"knockout_game"
0	"kompromat"
0	"l'affaire_Dreyfus"
0	"ladybridge"
0	"lawyers_military_defense_committee"
0	"le_Marinel"
0	"leave_on_file"
0	"lethal_chamber"
0	"little"_North_Western_Railway
0	"lost"_asteroids
0	"lowFLOWs:_The_Columbia_Anthology_(’91-’93)"
0	"lyman_lake_petroglyphs"
0	"magellan_music"
0	"mainstream"_Marvel_Universe
0	"marine_fur_trade"
0	"me"_decade
0	"mekike"
0	"milestone_fee"
0	"mixed_motive"_discrimination
0	"motorola"_Battalion
0	"must_pass"_bill
0	"natural_vitamin_e"
0	"network_cloaking"
0	"no_religious_test"_clause
0	"one_gene,_one_enzyme"_hypothesis
0	"one_gene-one_enzyme"_hypothesis
0	"opinio_communis"
0	"order_lead_time"
0	"oscar_mike"
0	"outer_class"
0	"particle_track"
0	"plebgate"_row
0	"populate_or_perish"
0	"position_marker"
0	"pre-distortion"
0	"pro-am_ballroom_dancing"
0	"production_reactor"
0	"provisional_Rifle_Corps"
0	"pulsing"_zombies
0	"purple_light"
0	"quan_tang_shi"
0	"query_level_feature"
0	"robo-lawyer"
0	"rock_pool_jam"
0	"romanized_Celt"
0	"root_verb"
0	"sMCL"
0	"sal_prieta"
0	"samlon"
0	"sapo_ratón
0	"scent_rub"
0	"scotch-tape"_test
0	"sexually_fertile"
0	"shotgun"_microphone
0	"singles"_(The_Long_Blondes_album)
0	"slick"nick_kisner
0	"sloppy_coup"
0	"socialist_colony"
0	"south_coast_plain"
0	"sovereign_citizen"_movement
0	"sovereign_citizens"_movement
0	"splash_guard"
0	"spot_mirror"
0	"stola_d'oro"
0	"suffix_effect"
0	"suicide,_it's_a_suicide"
0	"superstar"_lance_diamond
0	"supply-managed"
0	"syntactic_wiki"
0	"tahquitz_canyon"
0	"that_would_be_an_ecumenical_matter"
0	"the_Anti-Heros"
0	"the_academy_of_creative_training"
0	"the_finger_awards"
0	"the_medium_is_the_message"
0	"the_political_frame"
0	"thick"_concept
0	"tie_stone"
0	"time_t"
0	"title_versus_hair"_match
0	"toledo_jazz_orchestra"
0	"traffic_network"
0	"trans"-SNARE_complexes
0	"transport_research_arena"
0	"trauma_ward"
0	"tri-state"_logic
0	"true"_Orthodox_Christians
0	"truth_wizard"
0	"twenty-something_theatre"
0	"twig_borer"
0	"two_live_jews"
0	"uli"uli
0	"uniform_cost_model"
0	"velo_rossa"
0	"vermicular_rustication"
0	"vide_supra"
0	"virtual_hardware"
0	"voz_alta_project"
0	"vugava"
0	"watch_bill"
0	"web-utopianism"
0	"wet"_aluminium_capacitor
0	"wet"_aluminum_capacitor
0	"wet"_electrolytic_capacitor
0	"whatever"
0	"wiL"_Francis
0	"wide"_character
0	"widescreen"_comics
0	"winchell_trail"
0	"word_of_mouse"
0	"wylde_hunt"
0	"your_mom"_joke
0	"zeros"
0	"zongo_junction"
0	"¡30-30!"
0	"¡Ay,_caramba!"
0	"Índios"
0	"Üns"_Theatre
0	"Đại_Định"
0	"Нұр_Отан"_Халықтық_Демократиялық_Партиясы
0	"Самұрық-Қазына"_Ұлттық_Әл-Ауқат_қоры"_АҚ
0	"Св._Ѓорѓи",_Фицрој
0	"Св._Ѓорѓи_и_Пресвета_Богородица",_Епинг
0	"Св._Јован_Крстител",_Џилонг
0	"Св._Димитрија_Солунски",_Спрингваeл
0	"Св._Пророк_Илија",_Футскрај
0	"Св_Ѓорѓи",_Фицрој
0	"Св_Јован_Крстител",_Џилонг
0	"Св_Димитрија_Солунски",_Спрингваeл
0	"Св_Пророк_Илија",_Футскрај
0	"Свети_Ѓорѓи",_Фицрој
0	"Свети_Ѓорѓи_и_Пресвета_Богородица",_Епинг
0	"Свети_Јован_Крстител",_Џилонг
0	"Свети_Димитрија_Солунски",_Спрингваeл
0	"Свети_Пророк_Илија",_Футскрај
0	"الإدارة_العامة_للثروة_النباتية"
0	"—All_You_Zombies—"
0	"—And_He_Built_a_Crooked_House—"
0	"「Arigatō」"_~Sekai_no_Doko_ni_Itemo~
0	$
0	$$
0	$$$
0	$$$$
0	$$$EX
0	$$$_(Where)
0	$$$_(XXXTentacion_song)
0	$$$_(song)
0	$$_OOPS_$$
0	$(Mark_Sultan_album)
0	$-Crew
0	$0
0	$0.25
0	$0.99
0	$0_(disambiguation)
0	$1
0	$1,000
0	$1,000,000
0	$1,000,000,000
0	$1,000,000_Chance_of_a_Lifetime
0	$1,000,000_Duck
0	$1,000,000_Duck,_The
0	$1,000,000_Make_Something_Unreal_Contest
0	$1,000,000_Menu_Song
0	$1,000,000_Password
0	$1,000,000_Pyramid
0	$1,000,000_Worth_of_Twang
0	$1,000,000_drop
0	$1,000,000_duel
0	$1,000,000_mile
0	$1,000,000_money_drop
0	$1,000_Reward
0	$1,000_a_Minute
0	$1,000_a_Touchdown
0	$1,000_bill
0	$1,000_genome
0	$1,000_note
0	$1,329,063
0	$1.00
0	$1.2_trillion_infrastructure_bill
0	$1.98_Beauty_Show
0	$1.99_Romances
0	$10
0	$10,000
0	$10,000_Kelly
0	$10,000_Pyramid
0	$10,000_bill
0	$10,000_for_a_Massacre
0	$10.000_Blood_Money
0	$10.90_Chicken_Parmigiana
0	$100
0	$100,000
0	$100,000,000_Kid:_Maboroshi_no_Teiou_Hen
0	$100,000_Bar
0	$100,000_Bars
0	$100,000_Dollar_Mamal
0	$100,000_Fortune_Hunt
0	$100,000_Infield
0	$100,000_Pyramid
0	$100,000_Pyramid_(video_game)
0	$100,000_bill
0	$100,000_for_Ringo
0	$100,000_for_a_Killing
0	$100,000_infield
0	$100,000_note
0	$1000
0	$10000
0	$100000
0	$1000000
0	$1000000000
0	$100000_Pyramid
0	$100000_bill
0	$10000_bill
0	$1000_(disambiguation)
0	$1000_Wedding
0	$1000_a_Minute
0	$1000_a_Touchdown
0	$1000_bill
0	$1000_genome
0	$1000_on_the_Black
0	$100_(band)
0	$100_(disambiguation)
0	$100_000_Pyramid
0	$100_Bill_(song)
0	$100_Bill_Y'all
0	$100_Film_Festival
0	$100_Guitar_Project
0	$100_Hamburger
0	$100_Laptop
0	$100_PC
0	$100_Room
0	$100_bill
0	$100_burger
0	$100_computer
0	$100_hamburger
0	$100_laptop
0	$100_million_sports_contracts
0	$100_note
0	$100_note_(Australian)
0	$100_notebook
0	$100_oil
0	$100_pancake
0	$10_(Owarai)
0	$10_(disambiguation)
0	$10_(owarai)
0	$10_Dinners
0	$10_Eagle_(Indian_1907-1933)
0	$10_Raise
0	$10_bill
0	$10_note
0	$10_note_(Australian)
0	$10_shop
0	$10_store
0	$1329063
0	$15,000_Slide
0	$15_Draw
0	$1_(TV_series)
0	$1_(disambiguation)
0	$1_Bill
0	$1_Coin
0	$1_For_Life
0	$1_Money_Wars
0	$1_Presidential_Coin_Program
0	$1_award
0	$1_bill
0	$1_billion_bank_fraud
0	$1_bills
0	$1_coin
0	$1_coin_(Australian)
0	$1_coin_(disambiguation)
0	$1_note
0	$1_note_(Australian)
0	$1_president_coin
0	$1_salary
0	$1_shop
0	$1_store
0	$2
0	$2,000
0	$2,000_(disambiguation)
0	$20
0	$20,000_Pyramid
0	$20.01
0	$200
0	$2000
0	$20000_Pyramid
0	$20000_pyramid
0	$200_(disambiguation)
0	$200_bill
0	$20K_House
0	$20_(disambiguation)
0	$20_(song)
0	$20_a_Week
0	$20_bill
0	$20_bill_U.S
0	$20_bill_U.S.
0	$20_in_20_seconds
0	$20_note
0	$20_note_(Australian)
0	$21_a_Day_(Once_a_Month)
0	$24_in_24
0	$25,000_Pyramid
0	$25_Million_Dollar_Hoax
0	$27
0	$2_(disambiguation)
0	$2_Bill
0	$2_bill
0	$2_billion_arms_deal
0	$2_billions_arms_deal
0	$2_bills
0	$2_coin
0	$2_coin_(Australian)
0	$2_note
0	$2_note_(Australian)
0	$2_shop
0	$2_store
0	$3
0	$30,000
0	$30_Film_School
0	$35KOBO
0	$35K_O.B.O.
0	$35K_O.B.O._(CSI_episode)
0	$35K_O._B._O.
0	$35K_O_B_O
0	$3_(disambiguation)
0	$3_Tax_Checkoff
0	$3_bill
0	$4,000,000
0	$4.50_Theater_Company
0	$40_A_Day
0	$40_a_Day
0	$456,000_Squid_Game_In_Real_Life!
0	$4_Stella
0	$5
0	$5,000
0	$5,000_bill
0	$5.98_E.P.
0	$50
0	$50,000_H.O.R.S.E._World_Championship
0	$50,000_Pyramid
0	$50,000_Reward
0	$50,000_bill
0	$500
0	$5000
0	$5000_bill
0	$500_(disambiguation)
0	$500_bill
0	$50SAT
0	$50_(disambiguation)
0	$50_bill
0	$50_billion_stock_scam
0	$50_dollar_bill
0	$50_note
0	$50_note_(Australian)
0	$5_(disambiguation)
0	$5_Bits_of_Broken_Chair_Trophy
0	$5_Bits_of_Wooden_Chair
0	$5_Day
0	$5_Pearls
0	$5_a_Day
0	$5_at_the_Door:_Live_at_Tressel_Tavern,_1994
0	$5_bill
0	$5_day
0	$5_note
0	$5_note_(Australian)
0	$6,000,000_Man
0	$6000000_man
0	$64,000_Question
0	$64_Question
0	$67_Million_pants
0	$700_Billion_Bailout
0	$700_Billion_Bank_Bailout
0	$700_billion_Treasury_fund
0	$700_billion_dollar_Treasury_fund
0	$8_shop
0	$8_store
0	$9.99
0	$@
0	$@!%
0	$ADDSTOR
0	$ALT
0	$ALT_Money
0	$B
0	$CLS_(environment_variable)
0	$DEITY
0	$DISP.SYS
0	$EED
0	$FONT.SYS
0	$FONTX.SYS
0	$HOME
0	$IAS.SYS
0	$IDLE$
0	$INDU
0	$Intro
0	$LD_LIBRARY_PATH
0	$M
0	$M$
0	$MART
0	$MFT
0	$NOT
0	$NZ
0	$O$
0	$O$_(Die_Antwoord_album)
0	$O$_(Interscope_Records_re-release)
0	$OLDPWD
0	$OVIET:FRANCE:
0	$PATH
0	$PRN.SYS
0	$PRNESCP.SYS
0	$PRNUSER.SYS
0	$PS1
0	$PWD
0	$Recycle.Bin
0	$SPY
0	$SQUID
0	$TSLAQ
0	$UICIDEBOY$
0	$US
0	$USD
0	$_(Chile)
0	$_(Dollars)
0	$_(Mark_Sultan_Album)
0	$_(Mark_Sultan_album)
0	$_(Soundtrack)
0	$_(Ty_Dolla_Sign_song)
0	$_(album)
0	$_(disambiguation)
0	$_(film)
0	$_(song)
0	$_Shave_Club
0	$_sign
0	$ale_of_the_Century
0	$ave_Dat_Money
0	$avvy
0	$ax_Rohmer
0	$cientology
0	$crooge_McDuck
0	$ell.Out
0	$ell.Out_(Pist.On_album)
0	$ell_Out
0	$ell_Out_(Pist.On_album)
0	$h!t
0	$h*!
0	$h*!_My_Dad_Says
0	$h*!_My_Dad_Says_(TV_series)
0	$h*!_my_dad_says
0	$how_Me_the_Money
0	$hy_Glizzy
0	$ign
0	$ki_Mask_The_Slump_God
0	$martyr
0	$not
0	$not_discography
0	$null
0	$o_Cal_Val
0	$ocialites
0	$ony
0	$on¥
0	$oul_$old_$eparately
0	$pacely
0	$pent
0	$pread
0	$pread_Magazine
0	$pread_magazine
0	$pringfield
0	$pringfield_(Or,_How_I_Learned_to_Stop_Worrying_and_Love_Legalized_Gambling)
0	$pringfield_(Or_How_I_Learned_to_Stop_Worrying_and_Love_Legalized_Gambling)
0	$pringfield_(or,_How_I_Learned_to_Stop_Worrying_and_Love_Legalized_Gambling)
0	$tateside
0	$tateside_Records
0	$timulated
0	$uccessor
0	$uccessor_(DED004)
0	$uccessor_(Dedekind_Cut_album)
0	$uga(r)
0	$uicideBoy$
0	$uicideboy$
0	$uicideboys
0	$uper_$aver
0	$uper_$aver_(The_Price_is_Right_pricing_game)
0	$upercapitalist
0	$weepstake$
0	$windle
0	$wingin'_Utter$
0	$wingin'_Utter$_(album)
0	$wingin_Utter$
0	$winging_Utter$
0	$wingin’_Utter$
0	$wiss_Money_Holding
0	$♯*!_My_Dad_Says
0	%
0	%$CLS%
0	%$DIR%
0	%$FOOTER%
0	%$HEADER%
0	%$LENGTH%
0	%$OFF%
0	%$ON%
0	%$PAGE%
0	%$SLICE%
0	%$WIDTH%
0	%)
0	%/%
0	%ALLUSERSPROFILE%
0	%AM_PM%
0	%APPDATA%
0	%APPEND%
0	%Arabica
0	%CH
0	%CMDCMDLINE%
0	%CMDEXTVERSION%
0	%CMDLINE%
0	%COMM%
0	%COMSPEC%
0	%CONFIG%
0	%COPYCMD%
0	%CommonProgramFiles%
0	%DIRCMD%
0	%DIRSIZE%
0	%DRCOMSPEC%
0	%DRDOSCFG%
0	%DRSYS%
0	%ERRORLEVEL%
0	%ERRORLVL%
0	%FTPDIR%
0	%FULL_NAME%
0	%GREETING_TIME%
0	%HOMEDIR%
0	%HOMEDRIVE%
0	%HOMEPATH%
0	%HOSTNAME%
0	%HOUR%
0	%HOUR24%
0	%HTTP_DIR%
0	%INFO%
0	%LANG%
0	%LANGSPEC%
0	%LIBPATH%
0	%LOCALAPPDATA%
0	%LOGINNAME%
0	%LOGIN_NAME%
0	%MDOS_EXEC%
0	%MINUTE%
0	%MONTH%
0	%MONTH_NAME%
0	%NDAY_OF_WEEK%
0	%NEWFILE%
0	%NOCHAR%
0	%NOSOUND%
0	%NO_SEP%
0	%NWDOSCFG%
0	%OPENDOSCFG%
0	%OS%
0	%OS_VERSION%
0	%PATH%
0	%PEXEC%
0	%PROGRAMDATA%
0	%PROMPT%
0	%P_STATION%
0	%ProgramFiles%
0	%ProgramFiles(x86)%
0	%ProgramW6432%
0	%RANDOM%
0	%S
0	%SECOND%
0	%SHORT_YEAR%
0	%SOCKETS%
0	%STATION%
0	%SWITCHAR%
0	%SYSTEMROOT%
0	%SystemDrive%
0	%SystemRoot%
0	%TASKMGRWINDIR%
0	%TEMP%
0	%TIME%
0	%TMP%
0	%TZ%
0	%USERDOMAIN%
0	%USERPROFILE%
0	%VER%
0	%YEAR%
0	%YESCHAR%
0	%_(m/m)
0	%_Arabica
0	%_CODEPAGE%
0	%_COLUMNS%
0	%_COUNTRY%
0	%_DAY%
0	%_HOUR%
0	%_MINUTE%
0	%_MONTH%
0	%_PCV_distribution
0	%_ROWS%
0	%_SECOND%
0	%_YEAR%
0	%_difference
0	%_error
0	%_operator
0	%_sign
0	%_yield
0	%ch
0	%d
0	%difference
0	%m/m
0	%nato
0	%o
0	%oo
0	%s
0	%s_(printf)
0	%tk
0	%u0192
0	%u2318
0	%u2325
0	%windir%
0	%‍22
0	%‍23
0	%‍25
0	&
0	&&
0	&&&&&
0	&&_(disambiguation)
0	&/C.
0	&/c
0	&/or
0	&10
0	&=
0	&AMP
0	&AUDITION_-_The_Howling
0	&Audition_-_The_Howling
0	&Audition_–_The_Howling
0	&Burn
0	&COPY
0	&CenterDot
0	&DiacriticalAcute
0	&DiacriticalGrave
0	&Dot
0	&DoubleDot
0	&GT
0	&Hat
0	&Juliet
0	&LT
0	&Larr
0	&ME
0	&ME_(the_film)
0	&MORE
0	&Me
0	&Music
0	&NOW_Festival
0	&NewLine
0	&NoBreak
0	&NonBreakingSpace
0	&PROUD
0	&PlusMinus
0	&Prive_HD
0	&QUOT
0	&REG
0	&Rarr
0	&Run
0	&T
0	&TD_Theatre
0	&TEAM
0	&TOTSE
0	&TV
0	&TWICE
0	&Tab
0	&Team
0	&Twice
0	&UnderBar
0	&VerticalLine
0	&YOU_REVOLUTION
0	&Z
0	&Z_(song)
0	&_(Ayumi_Hamasaki_EP)
0	&_(EP)
0	&_(Eric_Church_album)
0	&_(Loona_EP)
0	&_(Sayaka_Yamamoto_album)
0	&_(The_Moth_&_The_Flame_EP)
0	&_(The_Moth_&_the_Flame_EP)
0	&_(album)
0	&_(disambiguation)
0	&_(single)
0	&_(song)
0	&_Ampersand
0	&_Co.
0	&_Colmes
0	&_Juliet
0	&_Knuckles
0	&_Love_for_All
0	&_ME
0	&_Pictures
0	&_Privé_HD
0	&_TV
0	&_The_Flowers_Will_Fall
0	&_Then
0	&_Then...
0	&_Then_...
0	&_Then_Boom
0	&_Then_You_Shoot_Your_Cousin
0	&_Twice
0	&_YOU_revolution
0	&_Yet_&_Yet
0	&_You_Revolution
0	&_sign
0	&_yet_&_yet
0	&acute
0	&always
0	&amp
0	&apos
0	&ast
0	&b
0	&brvbar
0	&bsol
0	&c
0	&c.
0	&c._(tnr)
0	&c._(weblog)
0	&ca.
0	&cent
0	&centerdot
0	&circledR
0	&colon
0	&comma
0	&commat
0	&copy
0	&crarr
0	&curren
0	&deg
0	&die
0	'Ajjul
0	'Ajjur