'2008-01-01','worlds'
2008-01-01,worlds
2008-01-01,worlds
2008-01-01,worlds
2008-01-01,worlds
2008-01-01,worlds
2008-01-01,worlds
2008-01-01,worlds
2008-01-01,worlds
2008-01-01,worlds
2008-01-01,worlds
2008-01-01,worlds
2008-01-01,worlds
2008-01-01,worlds
2008-01-01,worlds
2008-01-01,worlds
2008-01-01,worlds
2008-01-01,worlds
2008-01-01,worlds
2008-01-01,worlds
2008-01-01,worlds
2008-01-01,worlds
2008-01-01,worlds
2008-01-01,worlds
2008-01-01,worlds
2008-01-01,worlds
2008-01-01,worlds
2008-01-01,worlds
2008-01-01,worlds
2008-01-01,worlds
2008-01-01,worlds
2008-01-01,worlds
2008-01-01,worlds
2008-01-01,worlds
2008-01-01,worlds
2008-01-01,worlds
2008-01-01,worlds
2008-01-01,worlds
2008-01-01,worlds
2008-01-01,worlds
2008-01-01,worlds
2008-01-01,worlds
2008-01-01,worlds
2008-01-01,worlds
2008-01-01,worlds
2008-01-01,worlds
2008-01-01,worlds
2008-01-01,worlds
2008-01-01,worlds
2008-01-01,worlds
2008-01-01,worlds
2008-01-01,worlds
2008-01-01,worlds
2008-01-01,worlds
2008-01-01,worlds
2008-01-01,worlds
2008-01-01,worlds
2008-01-01,worlds
2008-01-01,worlds
2008-01-01,worlds
2008-01-01,worlds
2008-01-01,worlds
2008-01-01,worlds
2008-01-01,worlds
2008-01-01,worlds
2008-01-01,worlds
2008-01-01,worlds
2008-01-01,worlds
2008-01-01,worlds
2008-01-01,worlds
2008-01-01,worlds
2008-01-01,worlds
2008-01-01,worlds
2008-01-01,worlds
2008-01-01,worlds
2008-01-01,worlds
2008-01-01,worlds
2008-01-01,worlds
2008-01-01,worlds
2008-01-01,worlds
2008-01-01,worlds
2008-01-01,worlds
2008-01-01,worlds
2008-01-01,worlds
2008-01-01,worlds
2008-01-01,worlds
2008-01-01,worlds
2008-01-01,worlds
2008-01-01,worlds
2008-01-01,worlds
2008-01-01,worlds
2008-01-01,worlds
2008-01-01,worlds
2008-01-01,worlds
2008-01-01,worlds
2008-01-01,worlds
2008-01-01,worlds
2008-01-01,worlds
2008-01-01,worlds
2008-01-01,worlds
2008-01-01,worlds
2008-01-01,worlds
2008-01-01,worlds
2008-01-01,worlds
2008-01-01,worlds
2008-01-01,worlds
2008-01-01,worlds
2008-01-01,worlds
2008-01-01,worlds
2008-01-01,worlds
2008-01-01,worlds
2008-01-01,worlds
2008-01-01,worlds
2008-01-01,worlds
2008-01-01,worlds
2008-01-01,worlds
2008-01-01,worlds
2008-01-01,worlds
2008-01-01,worlds
2008-01-01,worlds
2008-01-01,worlds
2008-01-01,worlds
2008-01-01,worlds
2008-01-01,worlds
2008-01-01,worlds
2008-01-01,worlds
2008-01-01,worlds
2008-01-01,worlds
2008-01-01,worlds
2008-01-01,worlds
2008-01-01,worlds
2008-01-01,worlds
2008-01-01,worlds
2008-01-01,worlds
2008-01-01,worlds
2008-01-01,worlds
2008-01-01,worlds
2008-01-01,worlds
2008-01-01,worlds
2008-01-01,worlds
2008-01-01,worlds
2008-01-01,worlds
2008-01-01,worlds
2008-01-01,worlds
2008-01-01,worlds
2008-01-01,worlds
2008-01-01,worlds
2008-01-01,worlds
2008-01-01,worlds
2008-01-01,worlds
2008-01-01,worlds
2008-01-01,worlds
2008-01-01,worlds
2008-01-01,worlds
2008-01-01,worlds
2008-01-01,worlds
2008-01-01,worlds
2008-01-01,worlds
2008-01-01,worlds
2008-01-01,worlds
2008-01-01,worlds
2008-01-01,worlds
2008-01-01,worlds
2008-01-01,worlds
2008-01-01,worlds
2008-01-01,worlds
2008-01-01,worlds
2008-01-01,worlds
2008-01-01,worlds
2008-01-01,worlds
2008-01-01,worlds
2008-01-01,worlds
2008-01-01,worlds
2008-01-01,worlds
2008-01-01,worlds
2008-01-01,worlds
2008-01-01,worlds
2008-01-01,worlds
2008-01-01,worlds
2008-01-01,worlds
2008-01-01,worlds
2008-01-01,worlds
2008-01-01,worlds
2008-01-01,worlds
2008-01-01,worlds
2008-01-01,worlds
2008-01-01,worlds
2008-01-01,worlds
2008-01-01,worlds
2008-01-01,worlds
2008-01-01,worlds
2008-01-01,worlds
2008-01-01,worlds
2008-01-01,worlds
2008-01-01,worlds
2008-01-01,worlds
2008-01-01,worlds
2008-01-01,worlds
2008-01-01,worlds
2008-01-01,worlds
2008-01-01,worlds
2008-01-01,worlds
2008-01-01,worlds
2008-01-01,worlds
2008-01-01,worlds
2008-01-01,worlds
2008-01-01,worlds
2008-01-01,worlds
2008-01-01,worlds
2008-01-01,worlds
2008-01-01,worlds
2008-01-01,worlds
2008-01-01,worlds
2008-01-01,worlds
2008-01-01,worlds
2008-01-01,worlds
2008-01-01,worlds
2008-01-01,worlds
2008-01-01,worlds
2008-01-01,worlds
2008-01-01,worlds
2008-01-01,worlds
2008-01-01,worlds
2008-01-01,worlds
2008-01-01,worlds
2008-01-01,worlds
2008-01-01,worlds
2008-01-01,worlds
2008-01-01,worlds
2008-01-01,worlds
2008-01-01,worlds
2008-01-01,worlds
2008-01-01,worlds
2008-01-01,worlds
2008-01-01,worlds
2008-01-01,worlds
2008-01-01,worlds
2008-01-01,worlds
2008-01-01,worlds
2008-01-01,worlds
2008-01-01,worlds
2008-01-01,worlds
2008-01-01,worlds
2008-01-01,worlds
2008-01-01,worlds
2008-01-01,worlds
2008-01-01,worlds
2008-01-01,worlds
2008-01-01,worlds
2008-01-01,worlds
2008-01-01,worlds
2008-01-01,worlds
2008-01-01,worlds
2008-01-01,worlds
2008-01-01,worlds
2008-01-01,worlds
2008-01-01,worlds
2008-01-01,worlds
2008-01-01,worlds
2008-01-01,worlds
2008-01-01,worlds
2008-01-01,worlds
2008-01-01,worlds
2008-01-01,worlds
2008-01-01,worlds
2008-01-01,worlds
2008-01-01,worlds
2008-01-01,worlds
2008-01-01,worlds
2008-01-01,worlds
2008-01-01,worlds
2008-01-01,worlds
2008-01-01,worlds
2008-01-01,worlds
2008-01-01,worlds
2008-01-01,worlds
2008-01-01,worlds
2008-01-01,worlds
2008-01-01,worlds
2008-01-01,worlds
2008-01-01,worlds
2008-01-01,worlds
2008-01-01,worlds
2008-01-01,worlds
2008-01-01,worlds
2008-01-01,worlds
2008-01-01,worlds
2008-01-01,worlds
2008-01-01,worlds
2008-01-01,worlds
2008-01-01,worlds
2008-01-01,worlds
2008-01-01,worlds
2008-01-01,worlds
2008-01-01,worlds
2008-01-01,worlds
2008-01-01,worlds
2008-01-01,worlds
2008-01-01,worlds
2008-01-01,worlds
2008-01-01,worlds
2008-01-01,worlds
2008-01-01,worlds
2008-01-01,worlds
2008-01-01,worlds
2008-01-01,worlds
2008-01-01,worlds
2008-01-01,worlds
2008-01-01,worlds
2008-01-01,worlds
2008-01-01,worlds
2008-01-01,worlds
2008-01-01,worlds
2008-01-01,worlds
2008-01-01,worlds
2008-01-01,worlds
2008-01-01,worlds
2008-01-01,worlds
2008-01-01,worlds
2008-01-01,worlds
2008-01-01,worlds
2008-01-01,worlds
2008-01-01,worlds
2008-01-01,worlds
2008-01-01,worlds
2008-01-01,worlds
2008-01-01,worlds
2008-01-01,worlds
2008-01-01,worlds
2008-01-01,worlds
2008-01-01,worlds
2008-01-01,worlds
2008-01-01,worlds
2008-01-01,worlds
2008-01-01,worlds
2008-01-01,worlds
2008-01-01,worlds
2008-01-01,worlds
2008-01-01,worlds
2008-01-01,worlds
2008-01-01,worlds
2008-01-01,worlds
2008-01-01,worlds
2008-01-01,worlds
2008-01-01,worlds
2008-01-01,worlds
2008-01-01,worlds
2008-01-01,worlds
2008-01-01,worlds
2008-01-01,worlds
2008-01-01,worlds
2008-01-01,worlds
2008-01-01,worlds
2008-01-01,worlds
2008-01-01,worlds
2008-01-01,worlds
2008-01-01,worlds
2008-01-01,worlds
2008-01-01,worlds
2008-01-01,worlds
2008-01-01,worlds
2008-01-01,worlds
2008-01-01,worlds
2008-01-01,worlds
2008-01-01,worlds
2008-01-01,worlds
2008-01-01,worlds
2008-01-01,worlds
2008-01-01,worlds
2008-01-01,worlds
2008-01-01,worlds
2008-01-01,worlds
2008-01-01,worlds
2008-01-01,worlds
2008-01-01,worlds
2008-01-01,worlds
2008-01-01,worlds
2008-01-01,worlds
2008-01-01,worlds
2008-01-01,worlds
2008-01-01,worlds
2008-01-01,worlds
2008-01-01,worlds
2008-01-01,worlds
2008-01-01,worlds
2008-01-01,worlds
2008-01-01,worlds
2008-01-01,worlds
2008-01-01,worlds
2008-01-01,worlds
2008-01-01,worlds
2008-01-01,worlds
2008-01-01,worlds
2008-01-01,worlds
2008-01-01,worlds
2008-01-01,worlds
2008-01-01,worlds
2008-01-01,worlds
2008-01-01,worlds
2008-01-01,worlds
2008-01-01,worlds
2008-01-01,worlds
2008-01-01,worlds
2008-01-01,worlds
2008-01-01,worlds
2008-01-01,worlds
2008-01-01,worlds
2008-01-01,worlds
2008-01-01,worlds
2008-01-01,worlds
2008-01-01,worlds
2008-01-01,worlds
2008-01-01,worlds
2008-01-01,worlds
2008-01-01,worlds
2008-01-01,worlds
2008-01-01,worlds
2008-01-01,worlds
2008-01-01,worlds
2008-01-01,worlds
2008-01-01,worlds
2008-01-01,worlds
2008-01-01,worlds
2008-01-01,worlds
2008-01-01,worlds
2008-01-01,worlds
2008-01-01,worlds
2008-01-01,worlds
2008-01-01,worlds
2008-01-01,worlds
2008-01-01,worlds
2008-01-01,worlds
2008-01-01,worlds
2008-01-01,worlds
2008-01-01,worlds
2008-01-01,worlds
2008-01-01,worlds
2008-01-01,worlds
2008-01-01,worlds
2008-01-01,worlds
2008-01-01,worlds
2008-01-01,worlds
2008-01-01,worlds
2008-01-01,worlds
2008-01-01,worlds
2008-01-01,worlds
2008-01-01,worlds
2008-01-01,worlds
2008-01-01,worlds
2008-01-01,worlds
2008-01-01,worlds
2008-01-01,worlds
2008-01-01,worlds
2008-01-01,worlds
2008-01-01,worlds
2008-01-01,worlds
2008-01-01,worlds
2008-01-01,worlds
2008-01-01,worlds
2008-01-01,worlds
2008-01-01,worlds
2008-01-01,worlds
2008-01-01,worlds
2008-01-01,worlds
2008-01-01,worlds
2008-01-01,worlds
2008-01-01,worlds
2008-01-01,worlds
2008-01-01,worlds
2008-01-01,worlds
2008-01-01,worlds
2008-01-01,worlds
2008-01-01,worlds
2008-01-01,worlds
2008-01-01,worlds
2008-01-01,worlds
2008-01-01,worlds
2008-01-01,worlds
2008-01-01,worlds
2008-01-01,worlds
2008-01-01,worlds
2008-01-01,worlds
2008-01-01,worlds
2008-01-01,worlds
2008-01-01,worlds
2008-01-01,worlds
2008-01-01,worlds
2008-01-01,worlds
2008-01-01,worlds
2008-01-01,worlds
2008-01-01,worlds
2008-01-01,worlds
2008-01-01,worlds
2008-01-01,worlds
2008-01-01,worlds
2008-01-01,worlds
2008-01-01,worlds
2008-01-01,worlds
2008-01-01,worlds
2008-01-01,worlds
2008-01-01,worlds
2008-01-01,worlds
2008-01-01,worlds
2008-01-01,worlds
2008-01-01,worlds
2008-01-01,worlds
2008-01-01,worlds
2008-01-01,worlds
2008-01-01,worlds
2008-01-01,worlds
2008-01-01,worlds
2008-01-01,worlds
2008-01-01,worlds
2008-01-01,worlds
2008-01-01,worlds
2008-01-01,worlds
2008-01-01,worlds
2008-01-01,worlds
2008-01-01,worlds
2008-01-01,worlds
2008-01-01,worlds
2008-01-01,worlds
2008-01-01,worlds
2008-01-01,worlds
2008-01-01,worlds
2008-01-01,worlds
2008-01-01,worlds
2008-01-01,worlds
2008-01-01,worlds
2008-01-01,worlds
2008-01-01,worlds
2008-01-01,worlds
2008-01-01,worlds
2008-01-01,worlds
2008-01-01,worlds
2008-01-01,worlds
2008-01-01,worlds
2008-01-01,worlds
2008-01-01,worlds
2008-01-01,worlds
2008-01-01,worlds
2008-01-01,worlds
2008-01-01,worlds
2008-01-01,worlds
2008-01-01,worlds
2008-01-01,worlds
2008-01-01,worlds
2008-01-01,worlds
2008-01-01,worlds
2008-01-01,worlds
2008-01-01,worlds
2008-01-01,worlds
2008-01-01,worlds
2008-01-01,worlds
2008-01-01,worlds
2008-01-01,worlds
2008-01-01,worlds
2008-01-01,worlds
2008-01-01,worlds
2008-01-01,worlds
2008-01-01,worlds
2008-01-01,worlds
2008-01-01,worlds
2008-01-01,worlds
2008-01-01,worlds
2008-01-01,worlds
2008-01-01,worlds
2008-01-01,worlds
2008-01-01,worlds
2008-01-01,worlds
2008-01-01,worlds
2008-01-01,worlds
2008-01-01,worlds
2008-01-01,worlds
2008-01-01,worlds
2008-01-01,worlds
2008-01-01,worlds
2008-01-01,worlds
2008-01-01,worlds
2008-01-01,worlds
2008-01-01,worlds
2008-01-01,worlds
2008-01-01,worlds
2008-01-01,worlds
2008-01-01,worlds
2008-01-01,worlds
2008-01-01,worlds
2008-01-01,worlds
2008-01-01,worlds
2008-01-01,worlds
2008-01-01,worlds
2008-01-01,worlds
2008-01-01,worlds
2008-01-01,worlds
2008-01-01,worlds
2008-01-01,worlds
2008-01-01,worlds
2008-01-01,worlds
2008-01-01,worlds
2008-01-01,worlds
2008-01-01,worlds
2008-01-01,worlds
2008-01-01,worlds
2008-01-01,worlds
2008-01-01,worlds
2008-01-01,worlds
2008-01-01,worlds
2008-01-01,worlds
2008-01-01,worlds
2008-01-01,worlds
2008-01-01,worlds
2008-01-01,worlds
2008-01-01,worlds
2008-01-01,worlds
2008-01-01,worlds
2008-01-01,worlds
2008-01-01,worlds
2008-01-01,worlds
2008-01-01,worlds
2008-01-01,worlds
2008-01-01,worlds
2008-01-01,worlds
2008-01-01,worlds
2008-01-01,worlds
2008-01-01,worlds
2008-01-01,worlds
2008-01-01,worlds
2008-01-01,worlds
2008-01-01,worlds
2008-01-01,worlds
2008-01-01,worlds
2008-01-01,worlds
2008-01-01,worlds
2008-01-01,worlds
2008-01-01,worlds
2008-01-01,worlds
2008-01-01,worlds
2008-01-01,worlds
2008-01-01,worlds
2008-01-01,worlds
2008-01-01,worlds
2008-01-01,worlds
2008-01-01,worlds
2008-01-01,worlds
2008-01-01,worlds
2008-01-01,worlds
2008-01-01,worlds
2008-01-01,worlds
2008-01-01,worlds
2008-01-01,worlds
2008-01-01,worlds
2008-01-01,worlds
2008-01-01,worlds
2008-01-01,worlds
2008-01-01,worlds
2008-01-01,worlds
2008-01-01,worlds
2008-01-01,worlds
2008-01-01,worlds
2008-01-01,worlds
2008-01-01,worlds
2008-01-01,worlds
2008-01-01,worlds
2008-01-01,worlds
2008-01-01,worlds
2008-01-01,worlds
2008-01-01,worlds
2008-01-01,worlds
2008-01-01,worlds
2008-01-01,worlds
2008-01-01,worlds
2008-01-01,worlds
2008-01-01,worlds
2008-01-01,worlds
2008-01-01,worlds
2008-01-01,worlds
2008-01-01,worlds
2008-01-01,worlds
2008-01-01,worlds
2008-01-01,worlds
2008-01-01,worlds
2008-01-01,worlds
2008-01-01,worlds
2008-01-01,worlds
2008-01-01,worlds
2008-01-01,worlds
2008-01-01,worlds
2008-01-01,worlds
2008-01-01,worlds
2008-01-01,worlds
2008-01-01,worlds
2008-01-01,worlds
2008-01-01,worlds
2008-01-01,worlds
2008-01-01,worlds
2008-01-01,worlds
2008-01-01,worlds
2008-01-01,worlds
2008-01-01,worlds
2008-01-01,worlds
2008-01-01,worlds
2008-01-01,worlds
2008-01-01,worlds
2008-01-01,worlds
2008-01-01,worlds
2008-01-01,worlds
2008-01-01,worlds
2008-01-01,worlds
2008-01-01,worlds
2008-01-01,worlds
2008-01-01,worlds
2008-01-01,worlds
2008-01-01,worlds
2008-01-01,worlds
2008-01-01,worlds
2008-01-01,worlds
2008-01-01,worlds
2008-01-01,worlds
2008-01-01,worlds
2008-01-01,worlds
2008-01-01,worlds
2008-01-01,worlds
2008-01-01,worlds
2008-01-01,worlds
2008-01-01,worlds
2008-01-01,worlds
2008-01-01,worlds
2008-01-01,worlds
2008-01-01,worlds
2008-01-01,worlds
2008-01-01,worlds
2008-01-01,worlds
2008-01-01,worlds
2008-01-01,worlds
2008-01-01,worlds
2008-01-01,worlds
2008-01-01,worlds
2008-01-01,worlds
2008-01-01,worlds
2008-01-01,worlds
2008-01-01,worlds
2008-01-01,worlds
2008-01-01,worlds
2008-01-01,worlds
2008-01-01,worlds
2008-01-01,worlds
2008-01-01,worlds
2008-01-01,worlds
2008-01-01,worlds
2008-01-01,worlds
2008-01-01,worlds
2008-01-01,worlds
2008-01-01,worlds
2008-01-01,worlds
2008-01-01,worlds
2008-01-01,worlds
2008-01-01,worlds
2008-01-01,worlds
2008-01-01,worlds
2008-01-01,worlds
2008-01-01,worlds
2008-01-01,worlds
2008-01-01,worlds
2008-01-01,worlds
2008-01-01,worlds
2008-01-01,worlds
2008-01-01,worlds
2008-01-01,worlds
2008-01-01,worlds
2008-01-01,worlds
2008-01-01,worlds
2008-01-01,worlds
2008-01-01,worlds
2008-01-01,worlds
2008-01-01,worlds
2008-01-01,worlds
2008-01-01,worlds
2008-01-01,worlds
2008-01-01,worlds
2008-01-01,worlds
2008-01-01,worlds
2008-01-01,worlds
2008-01-01,worlds
2008-01-01,worlds
2008-01-01,worlds
2008-01-01,worlds
2008-01-01,worlds
2008-01-01,worlds
2008-01-01,worlds
2008-01-01,worlds
2008-01-01,worlds
2008-01-01,worlds
2008-01-01,worlds
2008-01-01,worlds
2008-01-01,worlds
2008-01-01,worlds
2008-01-01,worlds
2008-01-01,worlds
2008-01-01,worlds
2008-01-01,worlds
2008-01-01,worlds
2008-01-01,worlds
2008-01-01,worlds
2008-01-01,worlds
2008-01-01,worlds
2008-01-01,worlds
2008-01-01,worlds
2008-01-01,worlds
2008-01-01,worlds
2008-01-01,worlds
2008-01-01,worlds
2008-01-01,worlds
2008-01-01,worlds
2008-01-01,worlds
2008-01-01,worlds
2008-01-01,worlds
2008-01-01,worlds
2008-01-01,worlds
2008-01-01,worlds
2008-01-01,worlds
2008-01-01,worlds
2008-01-01,worlds
2008-01-01,worlds
2008-01-01,worlds
2008-01-01,worlds
2008-01-01,worlds
2008-01-01,worlds
2008-01-01,worlds
2008-01-01,worlds
2008-01-01,worlds
2008-01-01,worlds
2008-01-01,worlds
2008-01-01,worlds
2008-01-01,worlds
2008-01-01,worlds
2008-01-01,worlds
2008-01-01,worlds
2008-01-01,worlds
2008-01-01,worlds
2008-01-01,worlds
2008-01-01,worlds
2008-01-01,worlds
2008-01-01,worlds
2008-01-01,worlds
2008-01-01,worlds
2008-01-01,worlds
2008-01-01,worlds
2008-01-01,worlds
2008-01-01,worlds
2008-01-01,worlds
2008-01-01,worlds
2008-01-01,worlds
2008-01-01,worlds
2008-01-01,worlds
2008-01-01,worlds
2008-01-01,worlds
2008-01-01,worlds
2008-01-01,worlds
2008-01-01,worlds
2008-01-01,worlds
2008-01-01,worlds
2008-01-01,worlds
2008-01-01,worlds
2008-01-01,worlds
2008-01-01,worlds
2008-01-01,worlds
2008-01-01,worlds
2008-01-01,worlds
2008-01-01,worlds
2008-01-01,worlds
2008-01-01,worlds
2008-01-01,worlds
2008-01-01,worlds
2008-01-01,worlds
2008-01-01,worlds
2008-01-01,worlds
2008-01-01,worlds
2008-01-01,worlds
2008-01-01,worlds
2008-01-01,worlds
2008-01-01,worlds
2008-01-01,worlds
2008-01-01,worlds
2008-01-01,worlds
2008-01-01,worlds
2008-01-01,worlds
2008-01-01,worlds
2008-01-01,worlds
2008-01-01,worlds
2008-01-01,worlds
2008-01-01,worlds
2008-01-01,worlds
2008-01-01,worlds
2008-01-01,worlds
2008-01-01,worlds
2008-01-01,worlds
2008-01-01,worlds
2008-01-01,worlds
2008-01-01,worlds
2008-01-01,worlds
2008-01-01,worlds
2008-01-01,worlds
2008-01-01,worlds
2008-01-01,worlds
2008-01-01,worlds
2008-01-01,worlds
2008-01-01,worlds
2008-01-01,worlds
2008-01-01,worlds
2008-01-01,worlds
2008-01-01,worlds
2008-01-01,worlds
2008-01-01,worlds
2008-01-01,worlds
2008-01-01,worlds
2008-01-01,worlds
2008-01-01,worlds
2008-01-01,worlds
2008-01-01,worlds
2008-01-01,worlds
2008-01-01,worlds
2008-01-01,worlds
2008-01-01,worlds
2008-01-01,worlds
2008-01-01,worlds
2008-01-01,worlds
2008-01-01,worlds
2008-01-01,worlds
2008-01-01,worlds
2008-01-01,worlds
2008-01-01,worlds
2008-01-01,worlds
2008-01-01,worlds
2008-01-01,worlds
2008-01-01,worlds
2008-01-01,worlds
2008-01-01,worlds
2008-01-01,worlds
2008-01-01,worlds
2008-01-01,worlds
2008-01-01,worlds
2008-01-01,worlds
2008-01-01,worlds
2008-01-01,worlds
2008-01-01,worlds
2008-01-01,worlds
2008-01-01,worlds
2008-01-01,worlds
2008-01-01,worlds
2008-01-01,worlds
2008-01-01,worlds
2008-01-01,worlds
2008-01-01,worlds
2008-01-01,worlds
2008-01-01,worlds
2008-01-01,worlds
2008-01-01,worlds
2008-01-01,worlds
2008-01-01,worlds
2008-01-01,worlds
2008-01-01,worlds
2008-01-01,worlds
2008-01-01,worlds
2008-01-01,worlds
2008-01-01,worlds
2008-01-01,worlds
2008-01-01,worlds
2008-01-01,worlds
2008-01-01,worlds
2008-01-01,worlds
2008-01-01,worlds
2008-01-01,worlds
2008-01-01,worlds
2008-01-01,worlds
2008-01-01,worlds
2008-01-01,worlds
2008-01-01,worlds
2008-01-01,worlds
2008-01-01,worlds
2008-01-01,worlds
2008-01-01,worlds
2008-01-01,worlds
2008-01-01,worlds
2008-01-01,worlds
2008-01-01,worlds
2008-01-01,worlds
2008-01-01,worlds
2008-01-01,worlds
2008-01-01,worlds
2008-01-01,worlds
2008-01-01,worlds
2008-01-01,worlds
2008-01-01,worlds
2008-01-01,worlds
2008-01-01,worlds
2008-01-01,worlds
2008-01-01,worlds
2008-01-01,worlds
2008-01-01,worlds
2008-01-01,worlds
2008-01-01,worlds
2008-01-01,worlds
2008-01-01,worlds
2008-01-01,worlds
2008-01-01,worlds
2008-01-01,worlds
2008-01-01,worlds
2008-01-01,worlds
2008-01-01,worlds
2008-01-01,worlds
2008-01-01,worlds
2008-01-01,worlds
2008-01-01,worlds
2008-01-01,worlds
2008-01-01,worlds
2008-01-01,worlds
2008-01-01,worlds
2008-01-01,worlds
2008-01-01,worlds
2008-01-01,worlds
2008-01-01,worlds
2008-01-01,worlds
2008-01-01,worlds
2008-01-01,worlds
2008-01-01,worlds
2008-01-01,worlds
2008-01-01,worlds
2008-01-01,worlds
2008-01-01,worlds
2008-01-01,worlds
2008-01-01,worlds
2008-01-01,worlds
2008-01-01,worlds
2008-01-01,worlds
2008-01-01,worlds
2008-01-01,worlds
2008-01-01,worlds
2008-01-01,worlds
2008-01-01,worlds
2008-01-01,worlds
2008-01-01,worlds
2008-01-01,worlds
2008-01-01,worlds
2008-01-01,worlds
2008-01-01,worlds
2008-01-01,worlds
2008-01-01,worlds
2008-01-01,worlds
2008-01-01,worlds
2008-01-01,worlds
2008-01-01,worlds
2008-01-01,worlds
2008-01-01,worlds
2008-01-01,worlds
2008-01-01,worlds
2008-01-01,worlds
2008-01-01,worlds
2008-01-01,worlds
2008-01-01,worlds
2008-01-01,worlds
2008-01-01,worlds
2008-01-01,worlds
2008-01-01,worlds
2008-01-01,worlds
2008-01-01,worlds
2008-01-01,worlds
2008-01-01,worlds
2008-01-01,worlds
2008-01-01,worlds
2008-01-01,worlds
2008-01-01,worlds
2008-01-01,worlds
2008-01-01,worlds
2008-01-01,worlds
2008-01-01,worlds
2008-01-01,worlds
2008-01-01,worlds
2008-01-01,worlds
2008-01-01,worlds
2008-01-01,worlds
2008-01-01,worlds
2008-01-01,worlds
2008-01-01,worlds
2008-01-01,worlds
2008-01-01,worlds
2008-01-01,worlds
2008-01-01,worlds
2008-01-01,worlds
2008-01-01,worlds
2008-01-01,worlds
2008-01-01,worlds
2008-01-01,worlds
2008-01-01,worlds
2008-01-01,worlds
2008-01-01,worlds
2008-01-01,worlds
2008-01-01,worlds
2008-01-01,worlds
2008-01-01,worlds
2008-01-01,worlds
2008-01-01,worlds
2008-01-01,worlds
2008-01-01,worlds
2008-01-01,worlds
2008-01-01,worlds
2008-01-01,worlds
2008-01-01,worlds
2008-01-01,worlds
2008-01-01,worlds
2008-01-01,worlds
2008-01-01,worlds
2008-01-01,worlds
2008-01-01,worlds
2008-01-01,worlds
2008-01-01,worlds
2008-01-01,worlds
2008-01-01,worlds
2008-01-01,worlds
2008-01-01,worlds
2008-01-01,worlds
2008-01-01,worlds
2008-01-01,worlds
2008-01-01,worlds
2008-01-01,worlds
2008-01-01,worlds
2008-01-01,worlds
2008-01-01,worlds
2008-01-01,worlds
2008-01-01,worlds
2008-01-01,worlds
2008-01-01,worlds
2008-01-01,worlds
2008-01-01,worlds
2008-01-01,worlds
2008-01-01,worlds
2008-01-01,worlds
2008-01-01,worlds
2008-01-01,worlds
2008-01-01,worlds
2008-01-01,worlds
2008-01-01,worlds
2008-01-01,worlds
2008-01-01,worlds
2008-01-01,worlds
2008-01-01,worlds
2008-01-01,worlds
2008-01-01,worlds
2008-01-01,worlds
2008-01-01,worlds
2008-01-01,worlds
2008-01-01,worlds
2008-01-01,worlds
2008-01-01,worlds
2008-01-01,worlds
2008-01-01,worlds
2008-01-01,worlds
2008-01-01,worlds
2008-01-01,worlds
2008-01-01,worlds
2008-01-01,worlds
2008-01-01,worlds
2008-01-01,worlds
2008-01-01,worlds
2008-01-01,worlds
2008-01-01,worlds
2008-01-01,worlds
2008-01-01,worlds
2008-01-01,worlds
2008-01-01,worlds
2008-01-01,worlds
2008-01-01,worlds
2008-01-01,worlds
2008-01-01,worlds
2008-01-01,worlds
2008-01-01,worlds
2008-01-01,worlds
2008-01-01,worlds
2008-01-01,worlds
2008-01-01,worlds
2008-01-01,worlds
2008-01-01,worlds
2008-01-01,worlds
2008-01-01,worlds
2008-01-01,worlds
2008-01-01,worlds
2008-01-01,worlds
2008-01-01,worlds
2008-01-01,worlds
2008-01-01,worlds
2008-01-01,worlds
2008-01-01,worlds
2008-01-01,worlds
2008-01-01,worlds
2008-01-01,worlds
2008-01-01,worlds
2008-01-01,worlds
2008-01-01,worlds
2008-01-01,worlds
2008-01-01,worlds
2008-01-01,worlds
2008-01-01,worlds
2008-01-01,worlds
2008-01-01,worlds
2008-01-01,worlds
2008-01-01,worlds
2008-01-01,worlds
2008-01-01,worlds
2008-01-01,worlds
2008-01-01,worlds
2008-01-01,worlds
2008-01-01,worlds
2008-01-01,worlds
2008-01-01,worlds
2008-01-01,worlds
2008-01-01,worlds
2008-01-01,worlds
2008-01-01,worlds
2008-01-01,worlds
2008-01-01,worlds
2008-01-01,worlds
2008-01-01,worlds
2008-01-01,worlds
2008-01-01,worlds
2008-01-01,worlds
2008-01-01,worlds
2008-01-01,worlds
2008-01-01,worlds
2008-01-01,worlds
2008-01-01,worlds
2008-01-01,worlds
2008-01-01,worlds
2008-01-01,worlds
2008-01-01,worlds
2008-01-01,worlds
2008-01-01,worlds
2008-01-01,worlds
2008-01-01,worlds
2008-01-01,worlds
2008-01-01,worlds
2008-01-01,worlds
2008-01-01,worlds
2008-01-01,worlds
2008-01-01,worlds
2008-01-01,worlds
2008-01-01,worlds
2008-01-01,worlds
2008-01-01,worlds
2008-01-01,worlds
2008-01-01,worlds
2008-01-01,worlds
2008-01-01,worlds
2008-01-01,worlds
2008-01-01,worlds
2008-01-01,worlds
2008-01-01,worlds
2008-01-01,worlds
2008-01-01,worlds
2008-01-01,worlds
2008-01-01,worlds
2008-01-01,worlds
2008-01-01,worlds
2008-01-01,worlds
2008-01-01,worlds
2008-01-01,worlds
2008-01-01,worlds
2008-01-01,worlds
2008-01-01,worlds
2008-01-01,worlds
2008-01-01,worlds
2008-01-01,worlds
2008-01-01,worlds
2008-01-01,worlds
2008-01-01,worlds
2008-01-01,worlds
2008-01-01,worlds
2008-01-01,worlds
2008-01-01,worlds
2008-01-01,worlds
2008-01-01,worlds
2008-01-01,worlds
2008-01-01,worlds
2008-01-01,worlds
2008-01-01,worlds
2008-01-01,worlds
2008-01-01,worlds
2008-01-01,worlds
2008-01-01,worlds
2008-01-01,worlds
2008-01-01,worlds
2008-01-01,worlds
2008-01-01,worlds
2008-01-01,worlds
2008-01-01,worlds
2008-01-01,worlds
2008-01-01,worlds
2008-01-01,worlds
2008-01-01,worlds
2008-01-01,worlds
2008-01-01,worlds
2008-01-01,worlds
2008-01-01,worlds
2008-01-01,worlds
2008-01-01,worlds
2008-01-01,worlds
2008-01-01,worlds
2008-01-01,worlds
2008-01-01,worlds
2008-01-01,worlds
2008-01-01,worlds
2008-01-01,worlds
2008-01-01,worlds
2008-01-01,worlds
2008-01-01,worlds
2008-01-01,worlds
2008-01-01,worlds
2008-01-01,worlds
2008-01-01,worlds
2008-01-01,worlds
2008-01-01,worlds
2008-01-01,worlds
2008-01-01,worlds
2008-01-01,worlds
2008-01-01,worlds
2008-01-01,worlds
2008-01-01,worlds
2008-01-01,worlds
2008-01-01,worlds
2008-01-01,worlds
2008-01-01,worlds
2008-01-01,worlds
2008-01-01,worlds
2008-01-01,worlds
2008-01-01,worlds
2008-01-01,worlds
2008-01-01,worlds
2008-01-01,worlds
2008-01-01,worlds
2008-01-01,worlds
2008-01-01,worlds
2008-01-01,worlds
2008-01-01,worlds
2008-01-01,worlds
2008-01-01,worlds
2008-01-01,worlds
2008-01-01,worlds
2008-01-01,worlds
2008-01-01,worlds
2008-01-01,worlds
2008-01-01,worlds
2008-01-01,worlds
2008-01-01,worlds
2008-01-01,worlds
2008-01-01,worlds
2008-01-01,worlds
2008-01-01,worlds
2008-01-01,worlds
2008-01-01,worlds
2008-01-01,worlds
2008-01-01,worlds
2008-01-01,worlds
2008-01-01,worlds
2008-01-01,worlds
2008-01-01,worlds
2008-01-01,worlds
2008-01-01,worlds
2008-01-01,worlds
2008-01-01,worlds
2008-01-01,worlds
2008-01-01,worlds
2008-01-01,worlds
2008-01-01,worlds
2008-01-01,worlds
2008-01-01,worlds
2008-01-01,worlds
2008-01-01,worlds
2008-01-01,worlds
2008-01-01,worlds
2008-01-01,worlds
2008-01-01,worlds
2008-01-01,worlds
2008-01-01,worlds
2008-01-01,worlds
2008-01-01,worlds
2008-01-01,worlds
2008-01-01,worlds
2008-01-01,worlds
2008-01-01,worlds
2008-01-01,worlds
2008-01-01,worlds
2008-01-01,worlds
2008-01-01,worlds
2008-01-01,worlds
2008-01-01,worlds
2008-01-01,worlds
2008-01-01,worlds
2008-01-01,worlds
2008-01-01,worlds
2008-01-01,worlds
2008-01-01,worlds
2008-01-01,worlds
2008-01-01,worlds
2008-01-01,worlds
2008-01-01,worlds
2008-01-01,worlds
2008-01-01,worlds
2008-01-01,worlds
2008-01-01,worlds
2008-01-01,worlds
2008-01-01,worlds
2008-01-01,worlds
2008-01-01,worlds
2008-01-01,worlds
2008-01-01,worlds
2008-01-01,worlds
2008-01-01,worlds
2008-01-01,worlds
2008-01-01,worlds
2008-01-01,worlds
2008-01-01,worlds
2008-01-01,worlds
2008-01-01,worlds
2008-01-01,worlds
2008-01-01,worlds
2008-01-01,worlds
2008-01-01,worlds
2008-01-01,worlds
2008-01-01,worlds
2008-01-01,worlds
2008-01-01,worlds
2008-01-01,worlds
2008-01-01,worlds
2008-01-01,worlds
2008-01-01,worlds
2008-01-01,worlds
2008-01-01,worlds
2008-01-01,worlds
2008-01-01,worlds
2008-01-01,worlds
2008-01-01,worlds
2008-01-01,worlds
2008-01-01,worlds
2008-01-01,worlds
2008-01-01,worlds
2008-01-01,worlds
2008-01-01,worlds
2008-01-01,worlds
2008-01-01,worlds
2008-01-01,worlds
2008-01-01,worlds
2008-01-01,worlds
2008-01-01,worlds
2008-01-01,worlds
2008-01-01,worlds
2008-01-01,worlds
2008-01-01,worlds
2008-01-01,worlds
2008-01-01,worlds
2008-01-01,worlds
2008-01-01,worlds
2008-01-01,worlds
2008-01-01,worlds
2008-01-01,worlds
2008-01-01,worlds
2008-01-01,worlds
2008-01-01,worlds
2008-01-01,worlds
2008-01-01,worlds
2008-01-01,worlds
2008-01-01,worlds
2008-01-01,worlds
2008-01-01,worlds
2008-01-01,worlds
2008-01-01,worlds
2008-01-01,worlds
2008-01-01,worlds
2008-01-01,worlds
2008-01-01,worlds
2008-01-01,worlds
2008-01-01,worlds
2008-01-01,worlds
2008-01-01,worlds
2008-01-01,worlds
2008-01-01,worlds
2008-01-01,worlds
2008-01-01,worlds
2008-01-01,worlds
2008-01-01,worlds
2008-01-01,worlds
2008-01-01,worlds
2008-01-01,worlds
2008-01-01,worlds
2008-01-01,worlds
2008-01-01,worlds
2008-01-01,worlds
2008-01-01,worlds
2008-01-01,worlds
2008-01-01,worlds
2008-01-01,worlds
2008-01-01,worlds
2008-01-01,worlds
2008-01-01,worlds
2008-01-01,worlds
2008-01-01,worlds
2008-01-01,worlds
2008-01-01,worlds
2008-01-01,worlds
2008-01-01,worlds
2008-01-01,worlds
2008-01-01,worlds
2008-01-01,worlds
2008-01-01,worlds
2008-01-01,worlds
2008-01-01,worlds
2008-01-01,worlds
2008-01-01,worlds
2008-01-01,worlds
2008-01-01,worlds
2008-01-01,worlds
2008-01-01,worlds
2008-01-01,worlds
2008-01-01,worlds
2008-01-01,worlds
2008-01-01,worlds
2008-01-01,worlds
2008-01-01,worlds
2008-01-01,worlds
2008-01-01,worlds
2008-01-01,worlds
2008-01-01,worlds
2008-01-01,worlds
2008-01-01,worlds
2008-01-01,worlds
2008-01-01,worlds
2008-01-01,worlds
2008-01-01,worlds
2008-01-01,worlds
2008-01-01,worlds
2008-01-01,worlds
2008-01-01,worlds
2008-01-01,worlds
2008-01-01,worlds
2008-01-01,worlds
2008-01-01,worlds
2008-01-01,worlds
2008-01-01,worlds
2008-01-01,worlds
2008-01-01,worlds
2008-01-01,worlds
2008-01-01,worlds
2008-01-01,worlds
2008-01-01,worlds
2008-01-01,worlds
2008-01-01,worlds
2008-01-01,worlds
2008-01-01,worlds
2008-01-01,worlds
2008-01-01,worlds
2008-01-01,worlds
2008-01-01,worlds
2008-01-01,worlds
2008-01-01,worlds
2008-01-01,worlds
2008-01-01,worlds
2008-01-01,worlds
2008-01-01,worlds
2008-01-01,worlds
2008-01-01,worlds
2008-01-01,worlds
2008-01-01,worlds
2008-01-01,worlds
2008-01-01,worlds
2008-01-01,worlds
2008-01-01,worlds
2008-01-01,worlds
2008-01-01,worlds
2008-01-01,worlds
2008-01-01,worlds
2008-01-01,worlds
2008-01-01,worlds
2008-01-01,worlds
2008-01-01,worlds
2008-01-01,worlds
2008-01-01,worlds
2008-01-01,worlds
2008-01-01,worlds
2008-01-01,worlds
2008-01-01,worlds
2008-01-01,worlds
2008-01-01,worlds
2008-01-01,worlds
2008-01-01,worlds
2008-01-01,worlds
2008-01-01,worlds
2008-01-01,worlds
2008-01-01,worlds
2008-01-01,worlds
2008-01-01,worlds
2008-01-01,worlds
2008-01-01,worlds
2008-01-01,worlds
2008-01-01,worlds
2008-01-01,worlds
2008-01-01,worlds
2008-01-01,worlds
2008-01-01,worlds
2008-01-01,worlds
2008-01-01,worlds
2008-01-01,worlds
2008-01-01,worlds
2008-01-01,worlds
2008-01-01,worlds
2008-01-01,worlds
2008-01-01,worlds
2008-01-01,worlds
2008-01-01,worlds
2008-01-01,worlds
2008-01-01,worlds
2008-01-01,worlds
2008-01-01,worlds
2008-01-01,worlds
2008-01-01,worlds
2008-01-01,worlds
2008-01-01,worlds
2008-01-01,worlds
2008-01-01,worlds
2008-01-01,worlds
2008-01-01,worlds
2008-01-01,worlds
2008-01-01,worlds
2008-01-01,worlds
2008-01-01,worlds
2008-01-01,worlds
2008-01-01,worlds
2008-01-01,worlds
2008-01-01,worlds
2008-01-01,worlds
2008-01-01,worlds
2008-01-01,worlds
2008-01-01,worlds
2008-01-01,worlds
2008-01-01,worlds
2008-01-01,worlds
2008-01-01,worlds
2008-01-01,worlds
2008-01-01,worlds
2008-01-01,worlds
2008-01-01,worlds
2008-01-01,worlds
2008-01-01,worlds
2008-01-01,worlds
2008-01-01,worlds
2008-01-01,worlds
2008-01-01,worlds
2008-01-01,worlds
2008-01-01,worlds
2008-01-01,worlds
2008-01-01,worlds
2008-01-01,worlds
2008-01-01,worlds
2008-01-01,worlds
2008-01-01,worlds
2008-01-01,worlds
2008-01-01,worlds
2008-01-01,worlds
2008-01-01,worlds
2008-01-01,worlds
2008-01-01,worlds
2008-01-01,worlds
2008-01-01,worlds
2008-01-01,worlds
2008-01-01,worlds
2008-01-01,worlds
2008-01-01,worlds
2008-01-01,worlds
2008-01-01,worlds
2008-01-01,worlds
2008-01-01,worlds
2008-01-01,worlds
2008-01-01,worlds
2008-01-01,worlds
2008-01-01,worlds
2008-01-01,worlds
2008-01-01,worlds
2008-01-01,worlds
2008-01-01,worlds
2008-01-01,worlds
2008-01-01,worlds
2008-01-01,worlds
2008-01-01,worlds
2008-01-01,worlds
2008-01-01,worlds
2008-01-01,worlds
2008-01-01,worlds
2008-01-01,worlds
2008-01-01,worlds
2008-01-01,worlds
2008-01-01,worlds
2008-01-01,worlds
2008-01-01,worlds
2008-01-01,worlds
2008-01-01,worlds
2008-01-01,worlds
2008-01-01,worlds
2008-01-01,worlds
2008-01-01,worlds
2008-01-01,worlds
2008-01-01,worlds
2008-01-01,worlds
2008-01-01,worlds
2008-01-01,worlds
2008-01-01,worlds
2008-01-01,worlds
2008-01-01,worlds
2008-01-01,worlds
2008-01-01,worlds
2008-01-01,worlds
2008-01-01,worlds
2008-01-01,worlds
2008-01-01,worlds
2008-01-01,worlds
2008-01-01,worlds
2008-01-01,worlds
2008-01-01,worlds
2008-01-01,worlds
2008-01-01,worlds
2008-01-01,worlds
2008-01-01,worlds
2008-01-01,worlds
2008-01-01,worlds
2008-01-01,worlds
2008-01-01,worlds
2008-01-01,worlds
2008-01-01,worlds
2008-01-01,worlds
2008-01-01,worlds
2008-01-01,worlds
2008-01-01,worlds
2008-01-01,worlds
2008-01-01,worlds
2008-01-01,worlds
2008-01-01,worlds
2008-01-01,worlds
2008-01-01,worlds
2008-01-01,worlds
2008-01-01,worlds
2008-01-01,worlds
2008-01-01,worlds
2008-01-01,worlds
2008-01-01,worlds
2008-01-01,worlds
2008-01-01,worlds
2008-01-01,worlds
2008-01-01,worlds
2008-01-01,worlds
2008-01-01,worlds
2008-01-01,worlds
2008-01-01,worlds
2008-01-01,worlds
2008-01-01,worlds
2008-01-01,worlds
2008-01-01,worlds
2008-01-01,worlds
2008-01-01,worlds
2008-01-01,worlds
2008-01-01,worlds
2008-01-01,worlds
2008-01-01,worlds
2008-01-01,worlds
2008-01-01,worlds
2008-01-01,worlds
2008-01-01,worlds
2008-01-01,worlds
2008-01-01,worlds
2008-01-01,worlds
2008-01-01,worlds
2008-01-01,worlds
2008-01-01,worlds
2008-01-01,worlds
2008-01-01,worlds
2008-01-01,worlds
2008-01-01,worlds
2008-01-01,worlds
2008-01-01,worlds
2008-01-01,worlds
2008-01-01,worlds
2008-01-01,worlds
2008-01-01,worlds
2008-01-01,worlds
2008-01-01,worlds
2008-01-01,worlds
2008-01-01,worlds
2008-01-01,worlds
2008-01-01,worlds
2008-01-01,worlds
2008-01-01,worlds
2008-01-01,worlds
2008-01-01,worlds
2008-01-01,worlds
2008-01-01,worlds
2008-01-01,worlds
2008-01-01,worlds
2008-01-01,worlds
2008-01-01,worlds
2008-01-01,worlds
2008-01-01,worlds
2008-01-01,worlds
2008-01-01,worlds
2008-01-01,worlds
2008-01-01,worlds
2008-01-01,worlds
2008-01-01,worlds
2008-01-01,worlds
2008-01-01,worlds
2008-01-01,worlds
2008-01-01,worlds
2008-01-01,worlds
2008-01-01,worlds
2008-01-01,worlds
2008-01-01,worlds
2008-01-01,worlds
2008-01-01,worlds
2008-01-01,worlds
2008-01-01,worlds
2008-01-01,worlds
2008-01-01,worlds
2008-01-01,worlds
2008-01-01,worlds
2008-01-01,worlds
2008-01-01,worlds
2008-01-01,worlds
2008-01-01,worlds
2008-01-01,worlds
2008-01-01,worlds
2008-01-01,worlds
2008-01-01,worlds
2008-01-01,worlds
2008-01-01,worlds
2008-01-01,worlds
2008-01-01,worlds
2008-01-01,worlds
2008-01-01,worlds
2008-01-01,worlds
2008-01-01,worlds
2008-01-01,worlds
2008-01-01,worlds
2008-01-01,worlds
2008-01-01,worlds
2008-01-01,worlds
2008-01-01,worlds
2008-01-01,worlds
2008-01-01,worlds
2008-01-01,worlds
2008-01-01,worlds
2008-01-01,worlds
2008-01-01,worlds
2008-01-01,worlds
2008-01-01,worlds
2008-01-01,worlds
2008-01-01,worlds
2008-01-01,worlds
2008-01-01,worlds
2008-01-01,worlds
2008-01-01,worlds
2008-01-01,worlds
2008-01-01,worlds
2008-01-01,worlds
2008-01-01,worlds
2008-01-01,worlds
2008-01-01,worlds
2008-01-01,worlds
2008-01-01,worlds
2008-01-01,worlds
2008-01-01,worlds
2008-01-01,worlds
2008-01-01,worlds
2008-01-01,worlds
2008-01-01,worlds
2008-01-01,worlds
2008-01-01,worlds
2008-01-01,worlds
2008-01-01,worlds
2008-01-01,worlds
2008-01-01,worlds
2008-01-01,worlds
2008-01-01,worlds
2008-01-01,worlds
2008-01-01,worlds
2008-01-01,worlds
2008-01-01,worlds
2008-01-01,worlds
2008-01-01,worlds
2008-01-01,worlds
2008-01-01,worlds
2008-01-01,worlds
2008-01-01,worlds
2008-01-01,worlds
2008-01-01,worlds
2008-01-01,worlds
2008-01-01,worlds
2008-01-01,worlds
2008-01-01,worlds
2008-01-01,worlds
2008-01-01,worlds
2008-01-01,worlds
2008-01-01,worlds
2008-01-01,worlds
2008-01-01,worlds
2008-01-01,worlds
2008-01-01,worlds
2008-01-01,worlds
2008-01-01,worlds
2008-01-01,worlds
2008-01-01,worlds
2008-01-01,worlds
2008-01-01,worlds
2008-01-01,worlds
2008-01-01,worlds
2008-01-01,worlds
2008-01-01,worlds
2008-01-01,worlds
2008-01-01,worlds
2008-01-01,worlds
2008-01-01,worlds
2008-01-01,worlds
2008-01-01,worlds
2008-01-01,worlds
2008-01-01,worlds
2008-01-01,worlds
2008-01-01,worlds
2008-01-01,worlds
2008-01-01,worlds
2008-01-01,worlds
2008-01-01,worlds
2008-01-01,worlds
2008-01-01,worlds
2008-01-01,worlds
2008-01-01,worlds
2008-01-01,worlds
2008-01-01,worlds
2008-01-01,worlds
2008-01-01,worlds
2008-01-01,worlds
2008-01-01,worlds
2008-01-01,worlds
2008-01-01,worlds
2008-01-01,worlds
2008-01-01,worlds
2008-01-01,worlds
2008-01-01,worlds
2008-01-01,worlds
2008-01-01,worlds
2008-01-01,worlds
2008-01-01,worlds
2008-01-01,worlds
2008-01-01,worlds
2008-01-01,worlds
2008-01-01,worlds
2008-01-01,worlds
2008-01-01,worlds
2008-01-01,worlds
2008-01-01,worlds
2008-01-01,worlds
2008-01-01,worlds
2008-01-01,worlds
2008-01-01,worlds
2008-01-01,worlds
2008-01-01,worlds
2008-01-01,worlds
2008-01-01,worlds
2008-01-01,worlds
2008-01-01,worlds
2008-01-01,worlds
2008-01-01,worlds
2008-01-01,worlds
2008-01-01,worlds
2008-01-01,worlds
2008-01-01,worlds
2008-01-01,worlds
2008-01-01,worlds
2008-01-01,worlds
2008-01-01,worlds
2008-01-01,worlds
2008-01-01,worlds
2008-01-01,worlds
2008-01-01,worlds
2008-01-01,worlds
2008-01-01,worlds
2008-01-01,worlds
2008-01-01,worlds
2008-01-01,worlds
2008-01-01,worlds
2008-01-01,worlds
2008-01-01,worlds
2008-01-01,worlds
2008-01-01,worlds
2008-01-01,worlds
2008-01-01,worlds
2008-01-01,worlds
2008-01-01,worlds
2008-01-01,worlds
2008-01-01,worlds
2008-01-01,worlds
2008-01-01,worlds
2008-01-01,worlds
2008-01-01,worlds
2008-01-01,worlds
2008-01-01,worlds
2008-01-01,worlds
2008-01-01,worlds
2008-01-01,worlds
2008-01-01,worlds
2008-01-01,worlds
2008-01-01,worlds
2008-01-01,worlds
2008-01-01,worlds
2008-01-01,worlds
2008-01-01,worlds
2008-01-01,worlds
2008-01-01,worlds
2008-01-01,worlds
2008-01-01,worlds
2008-01-01,worlds
2008-01-01,worlds
2008-01-01,worlds
2008-01-01,worlds
2008-01-01,worlds
2008-01-01,worlds
2008-01-01,worlds
2008-01-01,worlds
2008-01-01,worlds
2008-01-01,worlds
2008-01-01,worlds
2008-01-01,worlds
2008-01-01,worlds
2008-01-01,worlds
2008-01-01,worlds
2008-01-01,worlds
2008-01-01,worlds
2008-01-01,worlds
2008-01-01,worlds
2008-01-01,worlds
2008-01-01,worlds
2008-01-01,worlds
2008-01-01,worlds
2008-01-01,worlds
2008-01-01,worlds
2008-01-01,worlds
2008-01-01,worlds
2008-01-01,worlds
2008-01-01,worlds
2008-01-01,worlds
2008-01-01,worlds
2008-01-01,worlds
2008-01-01,worlds
2008-01-01,worlds
2008-01-01,worlds
2008-01-01,worlds
2008-01-01,worlds
2008-01-01,worlds
2008-01-01,worlds
2008-01-01,worlds
2008-01-01,worlds
2008-01-01,worlds
2008-01-01,worlds
2008-01-01,worlds
2008-01-01,worlds
2008-01-01,worlds
2008-01-01,worlds
2008-01-01,worlds
2008-01-01,worlds
2008-01-01,worlds
2008-01-01,worlds
2008-01-01,worlds
2008-01-01,worlds
2008-01-01,worlds
2008-01-01,worlds
2008-01-01,worlds
2008-01-01,worlds
2008-01-01,worlds
2008-01-01,worlds
2008-01-01,worlds
2008-01-01,worlds
2008-01-01,worlds
2008-01-01,worlds
2008-01-01,worlds
2008-01-01,worlds
2008-01-01,worlds
2008-01-01,worlds
2008-01-01,worlds
2008-01-01,worlds
2008-01-01,worlds
2008-01-01,worlds
2008-01-01,worlds
2008-01-01,worlds
2008-01-01,worlds
2008-01-01,worlds
2008-01-01,worlds
2008-01-01,worlds
2008-01-01,worlds
2008-01-01,worlds
2008-01-01,worlds
2008-01-01,worlds
2008-01-01,worlds
2008-01-01,worlds
2008-01-01,worlds
2008-01-01,worlds
2008-01-01,worlds
2008-01-01,worlds
2008-01-01,worlds
2008-01-01,worlds
2008-01-01,worlds
2008-01-01,worlds
2008-01-01,worlds
2008-01-01,worlds
2008-01-01,worlds
2008-01-01,worlds
2008-01-01,worlds
2008-01-01,worlds
2008-01-01,worlds
2008-01-01,worlds
2008-01-01,worlds
2008-01-01,worlds
2008-01-01,worlds
2008-01-01,worlds
2008-01-01,worlds
2008-01-01,worlds
2008-01-01,worlds
2008-01-01,worlds
2008-01-01,worlds
2008-01-01,worlds
2008-01-01,worlds
2008-01-01,worlds
2008-01-01,worlds
2008-01-01,worlds
2008-01-01,worlds
2008-01-01,worlds
2008-01-01,worlds
2008-01-01,worlds
2008-01-01,worlds
2008-01-01,worlds
2008-01-01,worlds
2008-01-01,worlds
2008-01-01,worlds
2008-01-01,worlds
2008-01-01,worlds
2008-01-01,worlds
2008-01-01,worlds
2008-01-01,worlds
2008-01-01,worlds
2008-01-01,worlds
2008-01-01,worlds
2008-01-01,worlds
2008-01-01,worlds
2008-01-01,worlds
2008-01-01,worlds
2008-01-01,worlds
2008-01-01,worlds
2008-01-01,worlds
2008-01-01,worlds
2008-01-01,worlds
2008-01-01,worlds
2008-01-01,worlds
2008-01-01,worlds
2008-01-01,worlds
2008-01-01,worlds
2008-01-01,worlds
2008-01-01,worlds
2008-01-01,worlds
2008-01-01,worlds
2008-01-01,worlds
2008-01-01,worlds
2008-01-01,worlds
2008-01-01,worlds
2008-01-01,worlds
2008-01-01,worlds
2008-01-01,worlds
2008-01-01,worlds
2008-01-01,worlds
2008-01-01,worlds
2008-01-01,worlds
2008-01-01,worlds
2008-01-01,worlds
2008-01-01,worlds
2008-01-01,worlds
2008-01-01,worlds
2008-01-01,worlds
2008-01-01,worlds
2008-01-01,worlds
2008-01-01,worlds
2008-01-01,worlds
2008-01-01,worlds
2008-01-01,worlds
2008-01-01,worlds
2008-01-01,worlds
2008-01-01,worlds
2008-01-01,worlds
2008-01-01,worlds
2008-01-01,worlds
2008-01-01,worlds
2008-01-01,worlds
2008-01-01,worlds
2008-01-01,worlds
2008-01-01,worlds
2008-01-01,worlds
2008-01-01,worlds
2008-01-01,worlds
2008-01-01,worlds
2008-01-01,worlds
2008-01-01,worlds
2008-01-01,worlds
2008-01-01,worlds
2008-01-01,worlds
2008-01-01,worlds
2008-01-01,worlds
2008-01-01,worlds
2008-01-01,worlds
2008-01-01,worlds
2008-01-01,worlds
2008-01-01,worlds
2008-01-01,worlds
2008-01-01,worlds
2008-01-01,worlds
2008-01-01,worlds
2008-01-01,worlds
2008-01-01,worlds
2008-01-01,worlds
2008-01-01,worlds
2008-01-01,worlds
2008-01-01,worlds
2008-01-01,worlds
2008-01-01,worlds
2008-01-01,worlds
2008-01-01,worlds
2008-01-01,worlds
2008-01-01,worlds
2008-01-01,worlds
2008-01-01,worlds
2008-01-01,worlds
2008-01-01,worlds
2008-01-01,worlds
2008-01-01,worlds
2008-01-01,worlds
2008-01-01,worlds
2008-01-01,worlds
2008-01-01,worlds
2008-01-01,worlds
2008-01-01,worlds
2008-01-01,worlds
2008-01-01,worlds
2008-01-01,worlds
2008-01-01,worlds
2008-01-01,worlds
2008-01-01,worlds
2008-01-01,worlds
2008-01-01,worlds
2008-01-01,worlds
2008-01-01,worlds
2008-01-01,worlds
2008-01-01,worlds
2008-01-01,worlds
2008-01-01,worlds
2008-01-01,worlds
2008-01-01,worlds
2008-01-01,worlds
2008-01-01,worlds
2008-01-01,worlds
2008-01-01,worlds
2008-01-01,worlds
2008-01-01,worlds
2008-01-01,worlds
2008-01-01,worlds
2008-01-01,worlds
2008-01-01,worlds
2008-01-01,worlds
2008-01-01,worlds
2008-01-01,worlds
2008-01-01,worlds
2008-01-01,worlds
2008-01-01,worlds
2008-01-01,worlds
2008-01-01,worlds
2008-01-01,worlds
2008-01-01,worlds
2008-01-01,worlds
2008-01-01,worlds
2008-01-01,worlds
2008-01-01,worlds
2008-01-01,worlds
2008-01-01,worlds
2008-01-01,worlds
2008-01-01,worlds
2008-01-01,worlds
2008-01-01,worlds
2008-01-01,worlds
2008-01-01,worlds
2008-01-01,worlds
2008-01-01,worlds
2008-01-01,worlds
2008-01-01,worlds
2008-01-01,worlds
2008-01-01,worlds
2008-01-01,worlds
2008-01-01,worlds
2008-01-01,worlds
2008-01-01,worlds
2008-01-01,worlds
2008-01-01,worlds
2008-01-01,worlds
2008-01-01,worlds
2008-01-01,worlds
2008-01-01,worlds
2008-01-01,worlds
2008-01-01,worlds
2008-01-01,worlds
2008-01-01,worlds
2008-01-01,worlds
2008-01-01,worlds
2008-01-01,worlds
2008-01-01,worlds
2008-01-01,worlds
2008-01-01,worlds
2008-01-01,worlds
2008-01-01,worlds
2008-01-01,worlds
2008-01-01,worlds
2008-01-01,worlds
2008-01-01,worlds
2008-01-01,worlds
2008-01-01,worlds
2008-01-01,worlds
2008-01-01,worlds
2008-01-01,worlds
2008-01-01,worlds
2008-01-01,worlds
2008-01-01,worlds
2008-01-01,worlds
2008-01-01,worlds
2008-01-01,worlds
2008-01-01,worlds
2008-01-01,worlds
2008-01-01,worlds
2008-01-01,worlds
2008-01-01,worlds
2008-01-01,worlds
2008-01-01,worlds
2008-01-01,worlds
2008-01-01,worlds
2008-01-01,worlds
2008-01-01,worlds
2008-01-01,worlds
2008-01-01,worlds
2008-01-01,worlds
2008-01-01,worlds
2008-01-01,worlds
2008-01-01,worlds
2008-01-01,worlds
2008-01-01,worlds
2008-01-01,worlds
2008-01-01,worlds
2008-01-01,worlds
2008-01-01,worlds
2008-01-01,worlds
2008-01-01,worlds
2008-01-01,worlds
2008-01-01,worlds
2008-01-01,worlds
2008-01-01,worlds
2008-01-01,worlds
2008-01-01,worlds
2008-01-01,worlds
2008-01-01,worlds
2008-01-01,worlds
2008-01-01,worlds
2008-01-01,worlds
2008-01-01,worlds
2008-01-01,worlds
2008-01-01,worlds
2008-01-01,worlds
2008-01-01,worlds
2008-01-01,worlds
2008-01-01,worlds
2008-01-01,worlds
2008-01-01,worlds
2008-01-01,worlds
2008-01-01,worlds
2008-01-01,worlds
2008-01-01,worlds
2008-01-01,worlds
2008-01-01,worlds
2008-01-01,worlds
2008-01-01,worlds
2008-01-01,worlds
2008-01-01,worlds
2008-01-01,worlds
2008-01-01,worlds
2008-01-01,worlds
2008-01-01,worlds
2008-01-01,worlds
2008-01-01,worlds
2008-01-01,worlds
2008-01-01,worlds
2008-01-01,worlds
2008-01-01,worlds
2008-01-01,worlds
2008-01-01,worlds
2008-01-01,worlds
2008-01-01,worlds
2008-01-01,worlds
2008-01-01,worlds
2008-01-01,worlds
2008-01-01,worlds
2008-01-01,worlds
2008-01-01,worlds
2008-01-01,worlds
2008-01-01,worlds
2008-01-01,worlds
2008-01-01,worlds
2008-01-01,worlds
2008-01-01,worlds
2008-01-01,worlds
2008-01-01,worlds
2008-01-01,worlds
2008-01-01,worlds
2008-01-01,worlds
2008-01-01,worlds
2008-01-01,worlds
2008-01-01,worlds
2008-01-01,worlds
2008-01-01,worlds
2008-01-01,worlds
2008-01-01,worlds
2008-01-01,worlds
2008-01-01,worlds
2008-01-01,worlds
2008-01-01,worlds
2008-01-01,worlds
2008-01-01,worlds
2008-01-01,worlds
2008-01-01,worlds
2008-01-01,worlds
2008-01-01,worlds
2008-01-01,worlds
2008-01-01,worlds
2008-01-01,worlds
2008-01-01,worlds
2008-01-01,worlds
2008-01-01,worlds
2008-01-01,worlds
2008-01-01,worlds
2008-01-01,worlds
2008-01-01,worlds
2008-01-01,worlds
2008-01-01,worlds
2008-01-01,worlds
2008-01-01,worlds
2008-01-01,worlds
2008-01-01,worlds
2008-01-01,worlds
2008-01-01,worlds
2008-01-01,worlds
2008-01-01,worlds
2008-01-01,worlds
2008-01-01,worlds
2008-01-01,worlds
2008-01-01,worlds
2008-01-01,worlds
2008-01-01,worlds
2008-01-01,worlds
2008-01-01,worlds
2008-01-01,worlds
2008-01-01,worlds
2008-01-01,worlds
2008-01-01,worlds
2008-01-01,worlds
2008-01-01,worlds
2008-01-01,worlds
2008-01-01,worlds
2008-01-01,worlds
2008-01-01,worlds
2008-01-01,worlds
2008-01-01,worlds
2008-01-01,worlds
2008-01-01,worlds
2008-01-01,worlds
2008-01-01,worlds
2008-01-01,worlds
2008-01-01,worlds
2008-01-01,worlds
2008-01-01,worlds
2008-01-01,worlds
2008-01-01,worlds
2008-01-01,worlds
2008-01-01,worlds
2008-01-01,worlds
2008-01-01,worlds
2008-01-01,worlds
2008-01-01,worlds
2008-01-01,worlds
2008-01-01,worlds
2008-01-01,worlds
2008-01-01,worlds
2008-01-01,worlds
2008-01-01,worlds
2008-01-01,worlds
2008-01-01,worlds
2008-01-01,worlds
2008-01-01,worlds
2008-01-01,worlds
2008-01-01,worlds
2008-01-01,worlds
2008-01-01,worlds
2008-01-01,worlds
2008-01-01,worlds
2008-01-01,worlds
2008-01-01,worlds
2008-01-01,worlds
2008-01-01,worlds
2008-01-01,worlds
2008-01-01,worlds
2008-01-01,worlds
2008-01-01,worlds
2008-01-01,worlds
2008-01-01,worlds
2008-01-01,worlds
2008-01-01,worlds
2008-01-01,worlds
2008-01-01,worlds
2008-01-01,worlds
2008-01-01,worlds
2008-01-01,worlds
2008-01-01,worlds
2008-01-01,worlds
2008-01-01,worlds
2008-01-01,worlds
2008-01-01,worlds
2008-01-01,worlds
2008-01-01,worlds
2008-01-01,worlds
2008-01-01,worlds
2008-01-01,worlds
2008-01-01,worlds
2008-01-01,worlds
2008-01-01,worlds
2008-01-01,worlds
2008-01-01,worlds
2008-01-01,worlds
2008-01-01,worlds
2008-01-01,worlds
2008-01-01,worlds
2008-01-01,worlds
2008-01-01,worlds
2008-01-01,worlds
2008-01-01,worlds
2008-01-01,worlds
2008-01-01,worlds
2008-01-01,worlds
2008-01-01,worlds
2008-01-01,worlds
2008-01-01,worlds
2008-01-01,worlds
2008-01-01,worlds
2008-01-01,worlds
2008-01-01,worlds
2008-01-01,worlds
2008-01-01,worlds
2008-01-01,worlds
2008-01-01,worlds
2008-01-01,worlds
2008-01-01,worlds
2008-01-01,worlds
2008-01-01,worlds
2008-01-01,worlds
2008-01-01,worlds
2008-01-01,worlds
2008-01-01,worlds
2008-01-01,worlds
2008-01-01,worlds
2008-01-01,worlds
2008-01-01,worlds
2008-01-01,worlds
2008-01-01,worlds
2008-01-01,worlds
2008-01-01,worlds
2008-01-01,worlds
2008-01-01,worlds
2008-01-01,worlds
2008-01-01,worlds
2008-01-01,worlds
2008-01-01,worlds
2008-01-01,worlds
2008-01-01,worlds
2008-01-01,worlds
2008-01-01,worlds
2008-01-01,worlds
2008-01-01,worlds
2008-01-01,worlds
2008-01-01,worlds
2008-01-01,worlds
2008-01-01,worlds
2008-01-01,worlds
2008-01-01,worlds
2008-01-01,worlds
2008-01-01,worlds
2008-01-01,worlds
2008-01-01,worlds
2008-01-01,worlds
2008-01-01,worlds
2008-01-01,worlds
2008-01-01,worlds
2008-01-01,worlds
2008-01-01,worlds
2008-01-01,worlds
2008-01-01,worlds
2008-01-01,worlds
2008-01-01,worlds
2008-01-01,worlds
2008-01-01,worlds
2008-01-01,worlds
2008-01-01,worlds
2008-01-01,worlds
2008-01-01,worlds
2008-01-01,worlds
2008-01-01,worlds
2008-01-01,worlds
2008-01-01,worlds
2008-01-01,worlds
2008-01-01,worlds
2008-01-01,worlds
2008-01-01,worlds
2008-01-01,worlds
2008-01-01,worlds
2008-01-01,worlds
2008-01-01,worlds
2008-01-01,worlds
2008-01-01,worlds
2008-01-01,worlds
2008-01-01,worlds
2008-01-01,worlds
2008-01-01,worlds
2008-01-01,worlds
2008-01-01,worlds
2008-01-01,worlds
2008-01-01,worlds
2008-01-01,worlds
2008-01-01,worlds
2008-01-01,worlds
2008-01-01,worlds
2008-01-01,worlds
2008-01-01,worlds
2008-01-01,worlds
2008-01-01,worlds
2008-01-01,worlds
2008-01-01,worlds
2008-01-01,worlds
2008-01-01,worlds
2008-01-01,worlds
2008-01-01,worlds
2008-01-01,worlds
2008-01-01,worlds
2008-01-01,worlds
2008-01-01,worlds
2008-01-01,worlds
2008-01-01,worlds
2008-01-01,worlds
2008-01-01,worlds
2008-01-01,worlds
2008-01-01,worlds
2008-01-01,worlds
2008-01-01,worlds
2008-01-01,worlds
2008-01-01,worlds
2008-01-01,worlds
2008-01-01,worlds
2008-01-01,worlds
2008-01-01,worlds
2008-01-01,worlds
2008-01-01,worlds
2008-01-01,worlds
2008-01-01,worlds
2008-01-01,worlds
2008-01-01,worlds
2008-01-01,worlds
2008-01-01,worlds
2008-01-01,worlds
2008-01-01,worlds
2008-01-01,worlds
2008-01-01,worlds
2008-01-01,worlds
2008-01-01,worlds
2008-01-01,worlds
2008-01-01,worlds
2008-01-01,worlds
2008-01-01,worlds
2008-01-01,worlds
2008-01-01,worlds
2008-01-01,worlds
2008-01-01,worlds
2008-01-01,worlds
2008-01-01,worlds
2008-01-01,worlds
2008-01-01,worlds
2008-01-01,worlds
2008-01-01,worlds
2008-01-01,worlds
2008-01-01,worlds
2008-01-01,worlds
2008-01-01,worlds
2008-01-01,worlds
2008-01-01,worlds
2008-01-01,worlds
2008-01-01,worlds
2008-01-01,worlds
2008-01-01,worlds
2008-01-01,worlds
2008-01-01,worlds
2008-01-01,worlds
2008-01-01,worlds
2008-01-01,worlds
2008-01-01,worlds
2008-01-01,worlds
2008-01-01,worlds
2008-01-01,worlds
2008-01-01,worlds
2008-01-01,worlds
2008-01-01,worlds
2008-01-01,worlds
2008-01-01,worlds
2008-01-01,worlds
2008-01-01,worlds
2008-01-01,worlds
2008-01-01,worlds
2008-01-01,worlds
2008-01-01,worlds
2008-01-01,worlds
2008-01-01,worlds
2008-01-01,worlds
2008-01-01,worlds
2008-01-01,worlds
2008-01-01,worlds
2008-01-01,worlds
2008-01-01,worlds
2008-01-01,worlds
2008-01-01,worlds
2008-01-01,worlds
2008-01-01,worlds
2008-01-01,worlds
2008-01-01,worlds
2008-01-01,worlds
2008-01-01,worlds
2008-01-01,worlds
2008-01-01,worlds
2008-01-01,worlds
2008-01-01,worlds
2008-01-01,worlds
2008-01-01,worlds
2008-01-01,worlds
2008-01-01,worlds
2008-01-01,worlds
2008-01-01,worlds
2008-01-01,worlds
2008-01-01,worlds
2008-01-01,worlds
2008-01-01,worlds
2008-01-01,worlds
2008-01-01,worlds
2008-01-01,worlds
2008-01-01,worlds
2008-01-01,worlds
2008-01-01,worlds
2008-01-01,worlds
2008-01-01,worlds
2008-01-01,worlds
2008-01-01,worlds
2008-01-01,worlds
2008-01-01,worlds
2008-01-01,worlds
2008-01-01,worlds
2008-01-01,worlds
2008-01-01,worlds
2008-01-01,worlds
2008-01-01,worlds
2008-01-01,worlds
2008-01-01,worlds
2008-01-01,worlds
2008-01-01,worlds
2008-01-01,worlds
2008-01-01,worlds
2008-01-01,worlds
2008-01-01,worlds
2008-01-01,worlds
2008-01-01,worlds
2008-01-01,worlds
2008-01-01,worlds
2008-01-01,worlds
2008-01-01,worlds
2008-01-01,worlds
2008-01-01,worlds
2008-01-01,worlds
2008-01-01,worlds
2008-01-01,worlds
2008-01-01,worlds
2008-01-01,worlds
2008-01-01,worlds
2008-01-01,worlds
2008-01-01,worlds
2008-01-01,worlds
2008-01-01,worlds
2008-01-01,worlds
2008-01-01,worlds
2008-01-01,worlds
2008-01-01,worlds
2008-01-01,worlds
2008-01-01,worlds
2008-01-01,worlds
2008-01-01,worlds
2008-01-01,worlds
2008-01-01,worlds
2008-01-01,worlds
2008-01-01,worlds
2008-01-01,worlds
2008-01-01,worlds
2008-01-01,worlds
2008-01-01,worlds
2008-01-01,worlds
2008-01-01,worlds
2008-01-01,worlds
2008-01-01,worlds
2008-01-01,worlds
2008-01-01,worlds
2008-01-01,worlds
2008-01-01,worlds
2008-01-01,worlds
2008-01-01,worlds
2008-01-01,worlds
2008-01-01,worlds
2008-01-01,worlds
2008-01-01,worlds
2008-01-01,worlds
2008-01-01,worlds
2008-01-01,worlds
2008-01-01,worlds
2008-01-01,worlds
2008-01-01,worlds
2008-01-01,worlds
2008-01-01,worlds
2008-01-01,worlds
2008-01-01,worlds
2008-01-01,worlds
2008-01-01,worlds
2008-01-01,worlds
2008-01-01,worlds
2008-01-01,worlds
2008-01-01,worlds
2008-01-01,worlds
2008-01-01,worlds
2008-01-01,worlds
2008-01-01,worlds
2008-01-01,worlds
2008-01-01,worlds
2008-01-01,worlds
2008-01-01,worlds
2008-01-01,worlds
2008-01-01,worlds
2008-01-01,worlds
2008-01-01,worlds
2008-01-01,worlds
2008-01-01,worlds
2008-01-01,worlds
2008-01-01,worlds
2008-01-01,worlds
2008-01-01,worlds
2008-01-01,worlds
2008-01-01,worlds
2008-01-01,worlds
2008-01-01,worlds
2008-01-01,worlds
2008-01-01,worlds
2008-01-01,worlds
2008-01-01,worlds
2008-01-01,worlds
2008-01-01,worlds
2008-01-01,worlds
2008-01-01,worlds
2008-01-01,worlds
2008-01-01,worlds
2008-01-01,worlds
2008-01-01,worlds
2008-01-01,worlds
2008-01-01,worlds
2008-01-01,worlds
2008-01-01,worlds
2008-01-01,worlds
2008-01-01,worlds
2008-01-01,worlds
2008-01-01,worlds
2008-01-01,worlds
2008-01-01,worlds
2008-01-01,worlds
2008-01-01,worlds
2008-01-01,worlds
2008-01-01,worlds
2008-01-01,worlds
2008-01-01,worlds
2008-01-01,worlds
2008-01-01,worlds
2008-01-01,worlds
2008-01-01,worlds
2008-01-01,worlds
2008-01-01,worlds
2008-01-01,worlds
2008-01-01,worlds
2008-01-01,worlds
2008-01-01,worlds
2008-01-01,worlds
2008-01-01,worlds
2008-01-01,worlds
2008-01-01,worlds
2008-01-01,worlds
2008-01-01,worlds
2008-01-01,worlds
2008-01-01,worlds
2008-01-01,worlds
2008-01-01,worlds
2008-01-01,worlds
2008-01-01,worlds
2008-01-01,worlds
2008-01-01,worlds
2008-01-01,worlds
2008-01-01,worlds
2008-01-01,worlds
2008-01-01,worlds
2008-01-01,worlds
2008-01-01,worlds
2008-01-01,worlds
2008-01-01,worlds
2008-01-01,worlds
2008-01-01,worlds
2008-01-01,worlds
2008-01-01,worlds
2008-01-01,worlds
2008-01-01,worlds
2008-01-01,worlds
2008-01-01,worlds
2008-01-01,worlds
2008-01-01,worlds
2008-01-01,worlds
2008-01-01,worlds
2008-01-01,worlds
2008-01-01,worlds
2008-01-01,worlds
2008-01-01,worlds
2008-01-01,worlds
2008-01-01,worlds
2008-01-01,worlds
2008-01-01,worlds
2008-01-01,worlds
2008-01-01,worlds
2008-01-01,worlds
2008-01-01,worlds
2008-01-01,worlds
2008-01-01,worlds
2008-01-01,worlds
2008-01-01,worlds
2008-01-01,worlds
2008-01-01,worlds
2008-01-01,worlds
2008-01-01,worlds
2008-01-01,worlds
2008-01-01,worlds
2008-01-01,worlds
2008-01-01,worlds
2008-01-01,worlds
2008-01-01,worlds
2008-01-01,worlds
2008-01-01,worlds
2008-01-01,worlds
2008-01-01,worlds
2008-01-01,worlds
2008-01-01,worlds
2008-01-01,worlds
2008-01-01,worlds
2008-01-01,worlds
2008-01-01,worlds
2008-01-01,worlds
2008-01-01,worlds
2008-01-01,worlds
2008-01-01,worlds
2008-01-01,worlds
2008-01-01,worlds
2008-01-01,worlds
2008-01-01,worlds
2008-01-01,worlds
2008-01-01,worlds
2008-01-01,worlds
2008-01-01,worlds
2008-01-01,worlds
2008-01-01,worlds
2008-01-01,worlds
2008-01-01,worlds
2008-01-01,worlds
2008-01-01,worlds
bla,worlds
2008-01-01,worlds
2008-01-01,worlds
2008-01-01,worlds
2008-01-01,worlds
2008-01-01,worlds
2008-01-01,worlds
2008-01-01,worlds
2008-01-01,worlds
2008-01-01,worlds
2008-01-01,worlds
2008-01-01,worlds
2008-01-01,worlds
2008-01-01,worlds
2008-01-01,worlds
2008-01-01,worlds
2008-01-01,worlds
2008-01-01,worlds
2008-01-01,worlds
2008-01-01,worlds
2008-01-01,worlds
2008-01-01,worlds
2008-01-01,worlds
2008-01-01,worlds
2008-01-01,worlds
2008-01-01,worlds
2008-01-01,worlds
2008-01-01,worlds
2008-01-01,worlds
2008-01-01,worlds
2008-01-01,worlds
2008-01-01,worlds
2008-01-01,worlds
2008-01-01,worlds
2008-01-01,worlds
2008-01-01,worlds
2008-01-01,worlds
2008-01-01,worlds
2008-01-01,worlds
2008-01-01,worlds
2008-01-01,worlds
2008-01-01,worlds
2008-01-01,worlds
2008-01-01,worlds
2008-01-01,worlds
2008-01-01,worlds
2008-01-01,worlds
2008-01-01,worlds
2008-01-01,worlds
2008-01-01,worlds
2008-01-01,worlds
2008-01-01,worlds
2008-01-01,worlds
2008-01-01,worlds
2008-01-01,worlds
2008-01-01,worlds
2008-01-01,worlds
2008-01-01,worlds
2008-01-01,worlds
2008-01-01,worlds
2008-01-01,worlds
2008-01-01,worlds
2008-01-01,worlds
2008-01-01,worlds
2008-01-01,worlds
2008-01-01,worlds
2008-01-01,worlds
2008-01-01,worlds
2008-01-01,worlds
2008-01-01,worlds
2008-01-01,worlds
2008-01-01,worlds
2008-01-01,worlds
2008-01-01,worlds
2008-01-01,worlds
2008-01-01,worlds
2008-01-01,worlds
2008-01-01,worlds
2008-01-01,worlds
2008-01-01,worlds
2008-01-01,worlds
2008-01-01,worlds
2008-01-01,worlds
2008-01-01,worlds
2008-01-01,worlds
2008-01-01,worlds
2008-01-01,worlds
2008-01-01,worlds
2008-01-01,worlds
2008-01-01,worlds
2008-01-01,worlds
2008-01-01,worlds
2008-01-01,worlds
2008-01-01,worlds
2008-01-01,worlds
2008-01-01,worlds
2008-01-01,worlds
2008-01-01,worlds
2008-01-01,worlds
2008-01-01,worlds
2008-01-01,worlds
