'00:01:01','worlds'
00:01:01,worlds
00:01:01,worlds
00:01:01,worlds
00:01:01,worlds
00:01:01,worlds
00:01:01,worlds
00:01:01,worlds
00:01:01,worlds
00:01:01,worlds
00:01:01,worlds
00:01:01,worlds
00:01:01,worlds
00:01:01,worlds
00:01:01,worlds
00:01:01,worlds
00:01:01,worlds
00:01:01,worlds
00:01:01,worlds
00:01:01,worlds
00:01:01,worlds
00:01:01,worlds
00:01:01,worlds
00:01:01,worlds
00:01:01,worlds
00:01:01,worlds
00:01:01,worlds
00:01:01,worlds
00:01:01,worlds
00:01:01,worlds
00:01:01,worlds
00:01:01,worlds
00:01:01,worlds
00:01:01,worlds
00:01:01,worlds
00:01:01,worlds
00:01:01,worlds
00:01:01,worlds
00:01:01,worlds
00:01:01,worlds
00:01:01,worlds
00:01:01,worlds
00:01:01,worlds
00:01:01,worlds
00:01:01,worlds
00:01:01,worlds
00:01:01,worlds
00:01:01,worlds
00:01:01,worlds
00:01:01,worlds
00:01:01,worlds
00:01:01,worlds
00:01:01,worlds
00:01:01,worlds
00:01:01,worlds
00:01:01,worlds
00:01:01,worlds
00:01:01,worlds
00:01:01,worlds
00:01:01,worlds
00:01:01,worlds
00:01:01,worlds
00:01:01,worlds
00:01:01,worlds
00:01:01,worlds
00:01:01,worlds
00:01:01,worlds
00:01:01,worlds
00:01:01,worlds
00:01:01,worlds
00:01:01,worlds
00:01:01,worlds
00:01:01,worlds
00:01:01,worlds
00:01:01,worlds
00:01:01,worlds
00:01:01,worlds
00:01:01,worlds
00:01:01,worlds
00:01:01,worlds
00:01:01,worlds
00:01:01,worlds
00:01:01,worlds
00:01:01,worlds
00:01:01,worlds
00:01:01,worlds
00:01:01,worlds
00:01:01,worlds
00:01:01,worlds
00:01:01,worlds
00:01:01,worlds
00:01:01,worlds
00:01:01,worlds
00:01:01,worlds
00:01:01,worlds
00:01:01,worlds
00:01:01,worlds
00:01:01,worlds
00:01:01,worlds
00:01:01,worlds
00:01:01,worlds
00:01:01,worlds
00:01:01,worlds
00:01:01,worlds
00:01:01,worlds
00:01:01,worlds
00:01:01,worlds
00:01:01,worlds
00:01:01,worlds
00:01:01,worlds
00:01:01,worlds
00:01:01,worlds
00:01:01,worlds
00:01:01,worlds
00:01:01,worlds
00:01:01,worlds
00:01:01,worlds
00:01:01,worlds
00:01:01,worlds
00:01:01,worlds
00:01:01,worlds
00:01:01,worlds
00:01:01,worlds
00:01:01,worlds
00:01:01,worlds
00:01:01,worlds
00:01:01,worlds
00:01:01,worlds
00:01:01,worlds
00:01:01,worlds
00:01:01,worlds
00:01:01,worlds
00:01:01,worlds
00:01:01,worlds
00:01:01,worlds
00:01:01,worlds
00:01:01,worlds
00:01:01,worlds
00:01:01,worlds
00:01:01,worlds
00:01:01,worlds
00:01:01,worlds
00:01:01,worlds
00:01:01,worlds
00:01:01,worlds
00:01:01,worlds
00:01:01,worlds
00:01:01,worlds
00:01:01,worlds
00:01:01,worlds
00:01:01,worlds
00:01:01,worlds
00:01:01,worlds
00:01:01,worlds
00:01:01,worlds
00:01:01,worlds
00:01:01,worlds
00:01:01,worlds
00:01:01,worlds
00:01:01,worlds
00:01:01,worlds
00:01:01,worlds
00:01:01,worlds
00:01:01,worlds
00:01:01,worlds
00:01:01,worlds
00:01:01,worlds
00:01:01,worlds
00:01:01,worlds
00:01:01,worlds
00:01:01,worlds
00:01:01,worlds
00:01:01,worlds
00:01:01,worlds
00:01:01,worlds
00:01:01,worlds
00:01:01,worlds
00:01:01,worlds
00:01:01,worlds
00:01:01,worlds
00:01:01,worlds
00:01:01,worlds
00:01:01,worlds
00:01:01,worlds
00:01:01,worlds
00:01:01,worlds
00:01:01,worlds
00:01:01,worlds
00:01:01,worlds
00:01:01,worlds
00:01:01,worlds
00:01:01,worlds
00:01:01,worlds
00:01:01,worlds
00:01:01,worlds
00:01:01,worlds
00:01:01,worlds
00:01:01,worlds
00:01:01,worlds
00:01:01,worlds
00:01:01,worlds
00:01:01,worlds
00:01:01,worlds
00:01:01,worlds
00:01:01,worlds
00:01:01,worlds
00:01:01,worlds
00:01:01,worlds
00:01:01,worlds
00:01:01,worlds
00:01:01,worlds
00:01:01,worlds
00:01:01,worlds
00:01:01,worlds
00:01:01,worlds
00:01:01,worlds
00:01:01,worlds
00:01:01,worlds
00:01:01,worlds
00:01:01,worlds
00:01:01,worlds
00:01:01,worlds
00:01:01,worlds
00:01:01,worlds
00:01:01,worlds
00:01:01,worlds
00:01:01,worlds
00:01:01,worlds
00:01:01,worlds
00:01:01,worlds
00:01:01,worlds
00:01:01,worlds
00:01:01,worlds
00:01:01,worlds
00:01:01,worlds
00:01:01,worlds
00:01:01,worlds
00:01:01,worlds
00:01:01,worlds
00:01:01,worlds
00:01:01,worlds
00:01:01,worlds
00:01:01,worlds
00:01:01,worlds
00:01:01,worlds
00:01:01,worlds
00:01:01,worlds
00:01:01,worlds
00:01:01,worlds
00:01:01,worlds
00:01:01,worlds
00:01:01,worlds
00:01:01,worlds
00:01:01,worlds
00:01:01,worlds
00:01:01,worlds
00:01:01,worlds
00:01:01,worlds
00:01:01,worlds
00:01:01,worlds
00:01:01,worlds
00:01:01,worlds
00:01:01,worlds
00:01:01,worlds
00:01:01,worlds
00:01:01,worlds
00:01:01,worlds
00:01:01,worlds
00:01:01,worlds
00:01:01,worlds
00:01:01,worlds
00:01:01,worlds
00:01:01,worlds
00:01:01,worlds
00:01:01,worlds
00:01:01,worlds
00:01:01,worlds
00:01:01,worlds
00:01:01,worlds
00:01:01,worlds
00:01:01,worlds
00:01:01,worlds
00:01:01,worlds
00:01:01,worlds
00:01:01,worlds
00:01:01,worlds
00:01:01,worlds
00:01:01,worlds
00:01:01,worlds
00:01:01,worlds
00:01:01,worlds
00:01:01,worlds
00:01:01,worlds
00:01:01,worlds
00:01:01,worlds
00:01:01,worlds
00:01:01,worlds
00:01:01,worlds
00:01:01,worlds
00:01:01,worlds
00:01:01,worlds
00:01:01,worlds
00:01:01,worlds
00:01:01,worlds
00:01:01,worlds
00:01:01,worlds
00:01:01,worlds
00:01:01,worlds
00:01:01,worlds
00:01:01,worlds
00:01:01,worlds
00:01:01,worlds
00:01:01,worlds
00:01:01,worlds
00:01:01,worlds
00:01:01,worlds
00:01:01,worlds
00:01:01,worlds
00:01:01,worlds
00:01:01,worlds
00:01:01,worlds
00:01:01,worlds
00:01:01,worlds
00:01:01,worlds
00:01:01,worlds
00:01:01,worlds
00:01:01,worlds
00:01:01,worlds
00:01:01,worlds
00:01:01,worlds
00:01:01,worlds
00:01:01,worlds
00:01:01,worlds
00:01:01,worlds
00:01:01,worlds
00:01:01,worlds
00:01:01,worlds
00:01:01,worlds
00:01:01,worlds
00:01:01,worlds
00:01:01,worlds
00:01:01,worlds
00:01:01,worlds
00:01:01,worlds
00:01:01,worlds
00:01:01,worlds
00:01:01,worlds
00:01:01,worlds
00:01:01,worlds
00:01:01,worlds
00:01:01,worlds
00:01:01,worlds
00:01:01,worlds
00:01:01,worlds
00:01:01,worlds
00:01:01,worlds
00:01:01,worlds
00:01:01,worlds
00:01:01,worlds
00:01:01,worlds
00:01:01,worlds
00:01:01,worlds
00:01:01,worlds
00:01:01,worlds
00:01:01,worlds
00:01:01,worlds
00:01:01,worlds
00:01:01,worlds
00:01:01,worlds
00:01:01,worlds
00:01:01,worlds
00:01:01,worlds
00:01:01,worlds
00:01:01,worlds
00:01:01,worlds
00:01:01,worlds
00:01:01,worlds
00:01:01,worlds
00:01:01,worlds
00:01:01,worlds
00:01:01,worlds
00:01:01,worlds
00:01:01,worlds
00:01:01,worlds
00:01:01,worlds
00:01:01,worlds
00:01:01,worlds
00:01:01,worlds
00:01:01,worlds
00:01:01,worlds
00:01:01,worlds
00:01:01,worlds
00:01:01,worlds
00:01:01,worlds
00:01:01,worlds
00:01:01,worlds
00:01:01,worlds
00:01:01,worlds
00:01:01,worlds
00:01:01,worlds
00:01:01,worlds
00:01:01,worlds
00:01:01,worlds
00:01:01,worlds
00:01:01,worlds
00:01:01,worlds
00:01:01,worlds
00:01:01,worlds
00:01:01,worlds
00:01:01,worlds
00:01:01,worlds
00:01:01,worlds
00:01:01,worlds
00:01:01,worlds
00:01:01,worlds
00:01:01,worlds
00:01:01,worlds
00:01:01,worlds
00:01:01,worlds
00:01:01,worlds
00:01:01,worlds
00:01:01,worlds
00:01:01,worlds
00:01:01,worlds
00:01:01,worlds
00:01:01,worlds
00:01:01,worlds
00:01:01,worlds
00:01:01,worlds
00:01:01,worlds
00:01:01,worlds
00:01:01,worlds
00:01:01,worlds
00:01:01,worlds
00:01:01,worlds
00:01:01,worlds
00:01:01,worlds
00:01:01,worlds
00:01:01,worlds
00:01:01,worlds
00:01:01,worlds
00:01:01,worlds
00:01:01,worlds
00:01:01,worlds
00:01:01,worlds
00:01:01,worlds
00:01:01,worlds
00:01:01,worlds
00:01:01,worlds
00:01:01,worlds
00:01:01,worlds
00:01:01,worlds
00:01:01,worlds
00:01:01,worlds
00:01:01,worlds
00:01:01,worlds
00:01:01,worlds
00:01:01,worlds
00:01:01,worlds
00:01:01,worlds
00:01:01,worlds
00:01:01,worlds
00:01:01,worlds
00:01:01,worlds
00:01:01,worlds
00:01:01,worlds
00:01:01,worlds
00:01:01,worlds
00:01:01,worlds
00:01:01,worlds
00:01:01,worlds
00:01:01,worlds
00:01:01,worlds
00:01:01,worlds
00:01:01,worlds
00:01:01,worlds
00:01:01,worlds
00:01:01,worlds
00:01:01,worlds
00:01:01,worlds
00:01:01,worlds
00:01:01,worlds
00:01:01,worlds
00:01:01,worlds
00:01:01,worlds
00:01:01,worlds
00:01:01,worlds
00:01:01,worlds
00:01:01,worlds
00:01:01,worlds
00:01:01,worlds
00:01:01,worlds
00:01:01,worlds
00:01:01,worlds
00:01:01,worlds
00:01:01,worlds
00:01:01,worlds
00:01:01,worlds
00:01:01,worlds
00:01:01,worlds
00:01:01,worlds
00:01:01,worlds
00:01:01,worlds
00:01:01,worlds
00:01:01,worlds
00:01:01,worlds
00:01:01,worlds
00:01:01,worlds
00:01:01,worlds
00:01:01,worlds
00:01:01,worlds
00:01:01,worlds
00:01:01,worlds
00:01:01,worlds
00:01:01,worlds
00:01:01,worlds
00:01:01,worlds
00:01:01,worlds
00:01:01,worlds
00:01:01,worlds
00:01:01,worlds
00:01:01,worlds
00:01:01,worlds
00:01:01,worlds
00:01:01,worlds
00:01:01,worlds
00:01:01,worlds
00:01:01,worlds
00:01:01,worlds
00:01:01,worlds
00:01:01,worlds
00:01:01,worlds
00:01:01,worlds
00:01:01,worlds
00:01:01,worlds
00:01:01,worlds
00:01:01,worlds
00:01:01,worlds
00:01:01,worlds
00:01:01,worlds
00:01:01,worlds
00:01:01,worlds
00:01:01,worlds
00:01:01,worlds
00:01:01,worlds
00:01:01,worlds
00:01:01,worlds
00:01:01,worlds
00:01:01,worlds
00:01:01,worlds
00:01:01,worlds
00:01:01,worlds
00:01:01,worlds
00:01:01,worlds
00:01:01,worlds
00:01:01,worlds
00:01:01,worlds
00:01:01,worlds
00:01:01,worlds
00:01:01,worlds
00:01:01,worlds
00:01:01,worlds
00:01:01,worlds
00:01:01,worlds
00:01:01,worlds
00:01:01,worlds
00:01:01,worlds
00:01:01,worlds
00:01:01,worlds
00:01:01,worlds
00:01:01,worlds
00:01:01,worlds
00:01:01,worlds
00:01:01,worlds
00:01:01,worlds
00:01:01,worlds
00:01:01,worlds
00:01:01,worlds
00:01:01,worlds
00:01:01,worlds
00:01:01,worlds
00:01:01,worlds
00:01:01,worlds
00:01:01,worlds
00:01:01,worlds
00:01:01,worlds
00:01:01,worlds
00:01:01,worlds
00:01:01,worlds
00:01:01,worlds
00:01:01,worlds
00:01:01,worlds
00:01:01,worlds
00:01:01,worlds
00:01:01,worlds
00:01:01,worlds
00:01:01,worlds
00:01:01,worlds
00:01:01,worlds
00:01:01,worlds
00:01:01,worlds
00:01:01,worlds
00:01:01,worlds
00:01:01,worlds
00:01:01,worlds
00:01:01,worlds
00:01:01,worlds
00:01:01,worlds
00:01:01,worlds
00:01:01,worlds
00:01:01,worlds
00:01:01,worlds
00:01:01,worlds
00:01:01,worlds
00:01:01,worlds
00:01:01,worlds
00:01:01,worlds
00:01:01,worlds
00:01:01,worlds
00:01:01,worlds
00:01:01,worlds
00:01:01,worlds
00:01:01,worlds
00:01:01,worlds
00:01:01,worlds
00:01:01,worlds
00:01:01,worlds
00:01:01,worlds
00:01:01,worlds
00:01:01,worlds
00:01:01,worlds
00:01:01,worlds
00:01:01,worlds
00:01:01,worlds
00:01:01,worlds
00:01:01,worlds
00:01:01,worlds
00:01:01,worlds
00:01:01,worlds
00:01:01,worlds
00:01:01,worlds
00:01:01,worlds
00:01:01,worlds
00:01:01,worlds
00:01:01,worlds
00:01:01,worlds
00:01:01,worlds
00:01:01,worlds
00:01:01,worlds
00:01:01,worlds
00:01:01,worlds
00:01:01,worlds
00:01:01,worlds
00:01:01,worlds
00:01:01,worlds
00:01:01,worlds
00:01:01,worlds
00:01:01,worlds
00:01:01,worlds
00:01:01,worlds
00:01:01,worlds
00:01:01,worlds
00:01:01,worlds
00:01:01,worlds
00:01:01,worlds
00:01:01,worlds
00:01:01,worlds
00:01:01,worlds
00:01:01,worlds
00:01:01,worlds
00:01:01,worlds
00:01:01,worlds
00:01:01,worlds
00:01:01,worlds
00:01:01,worlds
00:01:01,worlds
00:01:01,worlds
00:01:01,worlds
00:01:01,worlds
00:01:01,worlds
00:01:01,worlds
00:01:01,worlds
00:01:01,worlds
00:01:01,worlds
00:01:01,worlds
00:01:01,worlds
00:01:01,worlds
00:01:01,worlds
00:01:01,worlds
00:01:01,worlds
00:01:01,worlds
00:01:01,worlds
00:01:01,worlds
00:01:01,worlds
00:01:01,worlds
00:01:01,worlds
00:01:01,worlds
00:01:01,worlds
00:01:01,worlds
00:01:01,worlds
00:01:01,worlds
00:01:01,worlds
00:01:01,worlds
00:01:01,worlds
00:01:01,worlds
00:01:01,worlds
00:01:01,worlds
00:01:01,worlds
00:01:01,worlds
00:01:01,worlds
00:01:01,worlds
00:01:01,worlds
00:01:01,worlds
00:01:01,worlds
00:01:01,worlds
00:01:01,worlds
00:01:01,worlds
00:01:01,worlds
00:01:01,worlds
00:01:01,worlds
00:01:01,worlds
00:01:01,worlds
00:01:01,worlds
00:01:01,worlds
00:01:01,worlds
00:01:01,worlds
00:01:01,worlds
00:01:01,worlds
00:01:01,worlds
00:01:01,worlds
00:01:01,worlds
00:01:01,worlds
00:01:01,worlds
00:01:01,worlds
00:01:01,worlds
00:01:01,worlds
00:01:01,worlds
00:01:01,worlds
00:01:01,worlds
00:01:01,worlds
00:01:01,worlds
00:01:01,worlds
00:01:01,worlds
00:01:01,worlds
00:01:01,worlds
00:01:01,worlds
00:01:01,worlds
00:01:01,worlds
00:01:01,worlds
00:01:01,worlds
00:01:01,worlds
00:01:01,worlds
00:01:01,worlds
00:01:01,worlds
00:01:01,worlds
00:01:01,worlds
00:01:01,worlds
00:01:01,worlds
00:01:01,worlds
00:01:01,worlds
00:01:01,worlds
00:01:01,worlds
00:01:01,worlds
00:01:01,worlds
00:01:01,worlds
00:01:01,worlds
00:01:01,worlds
00:01:01,worlds
00:01:01,worlds
00:01:01,worlds
00:01:01,worlds
00:01:01,worlds
00:01:01,worlds
00:01:01,worlds
00:01:01,worlds
00:01:01,worlds
00:01:01,worlds
00:01:01,worlds
00:01:01,worlds
00:01:01,worlds
00:01:01,worlds
00:01:01,worlds
00:01:01,worlds
00:01:01,worlds
00:01:01,worlds
00:01:01,worlds
00:01:01,worlds
00:01:01,worlds
00:01:01,worlds
00:01:01,worlds
00:01:01,worlds
00:01:01,worlds
00:01:01,worlds
00:01:01,worlds
00:01:01,worlds
00:01:01,worlds
00:01:01,worlds
00:01:01,worlds
00:01:01,worlds
00:01:01,worlds
00:01:01,worlds
00:01:01,worlds
00:01:01,worlds
00:01:01,worlds
00:01:01,worlds
00:01:01,worlds
00:01:01,worlds
00:01:01,worlds
00:01:01,worlds
00:01:01,worlds
00:01:01,worlds
00:01:01,worlds
00:01:01,worlds
00:01:01,worlds
00:01:01,worlds
00:01:01,worlds
00:01:01,worlds
00:01:01,worlds
00:01:01,worlds
00:01:01,worlds
00:01:01,worlds
00:01:01,worlds
00:01:01,worlds
00:01:01,worlds
00:01:01,worlds
00:01:01,worlds
00:01:01,worlds
00:01:01,worlds
00:01:01,worlds
00:01:01,worlds
00:01:01,worlds
00:01:01,worlds
00:01:01,worlds
00:01:01,worlds
00:01:01,worlds
00:01:01,worlds
00:01:01,worlds
00:01:01,worlds
00:01:01,worlds
00:01:01,worlds
00:01:01,worlds
00:01:01,worlds
00:01:01,worlds
00:01:01,worlds
00:01:01,worlds
00:01:01,worlds
00:01:01,worlds
00:01:01,worlds
00:01:01,worlds
00:01:01,worlds
00:01:01,worlds
00:01:01,worlds
00:01:01,worlds
00:01:01,worlds
00:01:01,worlds
00:01:01,worlds
00:01:01,worlds
00:01:01,worlds
00:01:01,worlds
00:01:01,worlds
00:01:01,worlds
00:01:01,worlds
00:01:01,worlds
00:01:01,worlds
00:01:01,worlds
00:01:01,worlds
00:01:01,worlds
00:01:01,worlds
00:01:01,worlds
00:01:01,worlds
00:01:01,worlds
00:01:01,worlds
00:01:01,worlds
00:01:01,worlds
00:01:01,worlds
00:01:01,worlds
00:01:01,worlds
00:01:01,worlds
00:01:01,worlds
00:01:01,worlds
00:01:01,worlds
00:01:01,worlds
00:01:01,worlds
00:01:01,worlds
00:01:01,worlds
00:01:01,worlds
00:01:01,worlds
00:01:01,worlds
00:01:01,worlds
00:01:01,worlds
00:01:01,worlds
00:01:01,worlds
00:01:01,worlds
00:01:01,worlds
00:01:01,worlds
00:01:01,worlds
00:01:01,worlds
00:01:01,worlds
00:01:01,worlds
00:01:01,worlds
00:01:01,worlds
00:01:01,worlds
00:01:01,worlds
00:01:01,worlds
00:01:01,worlds
00:01:01,worlds
00:01:01,worlds
00:01:01,worlds
00:01:01,worlds
00:01:01,worlds
00:01:01,worlds
00:01:01,worlds
00:01:01,worlds
00:01:01,worlds
00:01:01,worlds
00:01:01,worlds
00:01:01,worlds
00:01:01,worlds
00:01:01,worlds
00:01:01,worlds
00:01:01,worlds
00:01:01,worlds
00:01:01,worlds
00:01:01,worlds
00:01:01,worlds
00:01:01,worlds
00:01:01,worlds
00:01:01,worlds
00:01:01,worlds
00:01:01,worlds
00:01:01,worlds
00:01:01,worlds
00:01:01,worlds
00:01:01,worlds
00:01:01,worlds
00:01:01,worlds
00:01:01,worlds
00:01:01,worlds
00:01:01,worlds
00:01:01,worlds
00:01:01,worlds
00:01:01,worlds
00:01:01,worlds
00:01:01,worlds
00:01:01,worlds
00:01:01,worlds
00:01:01,worlds
00:01:01,worlds
00:01:01,worlds
00:01:01,worlds
00:01:01,worlds
00:01:01,worlds
00:01:01,worlds
00:01:01,worlds
00:01:01,worlds
00:01:01,worlds
00:01:01,worlds
00:01:01,worlds
00:01:01,worlds
00:01:01,worlds
00:01:01,worlds
00:01:01,worlds
00:01:01,worlds
00:01:01,worlds
00:01:01,worlds
00:01:01,worlds
00:01:01,worlds
00:01:01,worlds
00:01:01,worlds
00:01:01,worlds
00:01:01,worlds
00:01:01,worlds
00:01:01,worlds
00:01:01,worlds
00:01:01,worlds
00:01:01,worlds
00:01:01,worlds
00:01:01,worlds
00:01:01,worlds
00:01:01,worlds
00:01:01,worlds
00:01:01,worlds
00:01:01,worlds
00:01:01,worlds
00:01:01,worlds
00:01:01,worlds
00:01:01,worlds
00:01:01,worlds
00:01:01,worlds
00:01:01,worlds
00:01:01,worlds
00:01:01,worlds
00:01:01,worlds
00:01:01,worlds
00:01:01,worlds
00:01:01,worlds
00:01:01,worlds
00:01:01,worlds
00:01:01,worlds
00:01:01,worlds
00:01:01,worlds
00:01:01,worlds
00:01:01,worlds
00:01:01,worlds
00:01:01,worlds
00:01:01,worlds
00:01:01,worlds
00:01:01,worlds
00:01:01,worlds
00:01:01,worlds
00:01:01,worlds
00:01:01,worlds
00:01:01,worlds
00:01:01,worlds
00:01:01,worlds
00:01:01,worlds
00:01:01,worlds
00:01:01,worlds
00:01:01,worlds
00:01:01,worlds
00:01:01,worlds
00:01:01,worlds
00:01:01,worlds
00:01:01,worlds
00:01:01,worlds
00:01:01,worlds
00:01:01,worlds
00:01:01,worlds
00:01:01,worlds
00:01:01,worlds
00:01:01,worlds
00:01:01,worlds
00:01:01,worlds
00:01:01,worlds
00:01:01,worlds
00:01:01,worlds
00:01:01,worlds
00:01:01,worlds
00:01:01,worlds
00:01:01,worlds
00:01:01,worlds
00:01:01,worlds
00:01:01,worlds
00:01:01,worlds
00:01:01,worlds
00:01:01,worlds
00:01:01,worlds
00:01:01,worlds
00:01:01,worlds
00:01:01,worlds
00:01:01,worlds
00:01:01,worlds
00:01:01,worlds
00:01:01,worlds
00:01:01,worlds
00:01:01,worlds
00:01:01,worlds
00:01:01,worlds
00:01:01,worlds
00:01:01,worlds
00:01:01,worlds
00:01:01,worlds
00:01:01,worlds
00:01:01,worlds
00:01:01,worlds
00:01:01,worlds
00:01:01,worlds
00:01:01,worlds
00:01:01,worlds
00:01:01,worlds
00:01:01,worlds
00:01:01,worlds
00:01:01,worlds
00:01:01,worlds
00:01:01,worlds
00:01:01,worlds
00:01:01,worlds
00:01:01,worlds
00:01:01,worlds
00:01:01,worlds
00:01:01,worlds
00:01:01,worlds
00:01:01,worlds
00:01:01,worlds
00:01:01,worlds
00:01:01,worlds
00:01:01,worlds
00:01:01,worlds
00:01:01,worlds
00:01:01,worlds
00:01:01,worlds
00:01:01,worlds
00:01:01,worlds
00:01:01,worlds
00:01:01,worlds
00:01:01,worlds
00:01:01,worlds
00:01:01,worlds
00:01:01,worlds
00:01:01,worlds
00:01:01,worlds
00:01:01,worlds
00:01:01,worlds
00:01:01,worlds
00:01:01,worlds
00:01:01,worlds
00:01:01,worlds
00:01:01,worlds
00:01:01,worlds
00:01:01,worlds
00:01:01,worlds
00:01:01,worlds
00:01:01,worlds
00:01:01,worlds
00:01:01,worlds
00:01:01,worlds
00:01:01,worlds
00:01:01,worlds
00:01:01,worlds
00:01:01,worlds
00:01:01,worlds
00:01:01,worlds
00:01:01,worlds
00:01:01,worlds
00:01:01,worlds
00:01:01,worlds
00:01:01,worlds
00:01:01,worlds
00:01:01,worlds
00:01:01,worlds
00:01:01,worlds
00:01:01,worlds
00:01:01,worlds
00:01:01,worlds
00:01:01,worlds
00:01:01,worlds
00:01:01,worlds
00:01:01,worlds
00:01:01,worlds
00:01:01,worlds
00:01:01,worlds
00:01:01,worlds
00:01:01,worlds
00:01:01,worlds
00:01:01,worlds
00:01:01,worlds
00:01:01,worlds
00:01:01,worlds
00:01:01,worlds
00:01:01,worlds
00:01:01,worlds
00:01:01,worlds
00:01:01,worlds
00:01:01,worlds
00:01:01,worlds
00:01:01,worlds
00:01:01,worlds
00:01:01,worlds
00:01:01,worlds
00:01:01,worlds
00:01:01,worlds
00:01:01,worlds
00:01:01,worlds
00:01:01,worlds
00:01:01,worlds
00:01:01,worlds
00:01:01,worlds
00:01:01,worlds
00:01:01,worlds
00:01:01,worlds
00:01:01,worlds
00:01:01,worlds
00:01:01,worlds
00:01:01,worlds
00:01:01,worlds
00:01:01,worlds
00:01:01,worlds
00:01:01,worlds
00:01:01,worlds
00:01:01,worlds
00:01:01,worlds
00:01:01,worlds
00:01:01,worlds
00:01:01,worlds
00:01:01,worlds
00:01:01,worlds
00:01:01,worlds
00:01:01,worlds
00:01:01,worlds
00:01:01,worlds
00:01:01,worlds
00:01:01,worlds
00:01:01,worlds
00:01:01,worlds
00:01:01,worlds
00:01:01,worlds
00:01:01,worlds
00:01:01,worlds
00:01:01,worlds
00:01:01,worlds
00:01:01,worlds
00:01:01,worlds
00:01:01,worlds
00:01:01,worlds
00:01:01,worlds
00:01:01,worlds
00:01:01,worlds
00:01:01,worlds
00:01:01,worlds
00:01:01,worlds
00:01:01,worlds
00:01:01,worlds
00:01:01,worlds
00:01:01,worlds
00:01:01,worlds
00:01:01,worlds
00:01:01,worlds
00:01:01,worlds
00:01:01,worlds
00:01:01,worlds
00:01:01,worlds
00:01:01,worlds
00:01:01,worlds
00:01:01,worlds
00:01:01,worlds
00:01:01,worlds
00:01:01,worlds
00:01:01,worlds
00:01:01,worlds
00:01:01,worlds
00:01:01,worlds
00:01:01,worlds
00:01:01,worlds
00:01:01,worlds
00:01:01,worlds
00:01:01,worlds
00:01:01,worlds
00:01:01,worlds
00:01:01,worlds
00:01:01,worlds
00:01:01,worlds
00:01:01,worlds
00:01:01,worlds
00:01:01,worlds
00:01:01,worlds
00:01:01,worlds
00:01:01,worlds
00:01:01,worlds
00:01:01,worlds
00:01:01,worlds
00:01:01,worlds
00:01:01,worlds
00:01:01,worlds
00:01:01,worlds
00:01:01,worlds
00:01:01,worlds
00:01:01,worlds
00:01:01,worlds
00:01:01,worlds
00:01:01,worlds
00:01:01,worlds
00:01:01,worlds
00:01:01,worlds
00:01:01,worlds
00:01:01,worlds
00:01:01,worlds
00:01:01,worlds
00:01:01,worlds
00:01:01,worlds
00:01:01,worlds
00:01:01,worlds
00:01:01,worlds
00:01:01,worlds
00:01:01,worlds
00:01:01,worlds
00:01:01,worlds
00:01:01,worlds
00:01:01,worlds
00:01:01,worlds
00:01:01,worlds
00:01:01,worlds
00:01:01,worlds
00:01:01,worlds
00:01:01,worlds
00:01:01,worlds
00:01:01,worlds
00:01:01,worlds
00:01:01,worlds
00:01:01,worlds
00:01:01,worlds
00:01:01,worlds
00:01:01,worlds
00:01:01,worlds
00:01:01,worlds
00:01:01,worlds
00:01:01,worlds
00:01:01,worlds
00:01:01,worlds
00:01:01,worlds
00:01:01,worlds
00:01:01,worlds
00:01:01,worlds
00:01:01,worlds
00:01:01,worlds
00:01:01,worlds
00:01:01,worlds
00:01:01,worlds
00:01:01,worlds
00:01:01,worlds
00:01:01,worlds
00:01:01,worlds
00:01:01,worlds
00:01:01,worlds
00:01:01,worlds
00:01:01,worlds
00:01:01,worlds
00:01:01,worlds
00:01:01,worlds
00:01:01,worlds
00:01:01,worlds
00:01:01,worlds
00:01:01,worlds
00:01:01,worlds
00:01:01,worlds
00:01:01,worlds
00:01:01,worlds
00:01:01,worlds
00:01:01,worlds
00:01:01,worlds
00:01:01,worlds
00:01:01,worlds
00:01:01,worlds
00:01:01,worlds
00:01:01,worlds
00:01:01,worlds
00:01:01,worlds
00:01:01,worlds
00:01:01,worlds
00:01:01,worlds
00:01:01,worlds
00:01:01,worlds
00:01:01,worlds
00:01:01,worlds
00:01:01,worlds
00:01:01,worlds
00:01:01,worlds
00:01:01,worlds
00:01:01,worlds
00:01:01,worlds
00:01:01,worlds
00:01:01,worlds
00:01:01,worlds
00:01:01,worlds
00:01:01,worlds
00:01:01,worlds
00:01:01,worlds
00:01:01,worlds
00:01:01,worlds
00:01:01,worlds
00:01:01,worlds
00:01:01,worlds
00:01:01,worlds
00:01:01,worlds
00:01:01,worlds
00:01:01,worlds
00:01:01,worlds
00:01:01,worlds
00:01:01,worlds
00:01:01,worlds
00:01:01,worlds
00:01:01,worlds
00:01:01,worlds
00:01:01,worlds
00:01:01,worlds
00:01:01,worlds
00:01:01,worlds
00:01:01,worlds
00:01:01,worlds
00:01:01,worlds
00:01:01,worlds
00:01:01,worlds
00:01:01,worlds
00:01:01,worlds
00:01:01,worlds
00:01:01,worlds
00:01:01,worlds
00:01:01,worlds
00:01:01,worlds
00:01:01,worlds
00:01:01,worlds
00:01:01,worlds
00:01:01,worlds
00:01:01,worlds
00:01:01,worlds
00:01:01,worlds
00:01:01,worlds
00:01:01,worlds
00:01:01,worlds
00:01:01,worlds
00:01:01,worlds
00:01:01,worlds
00:01:01,worlds
00:01:01,worlds
00:01:01,worlds
00:01:01,worlds
00:01:01,worlds
00:01:01,worlds
00:01:01,worlds
00:01:01,worlds
00:01:01,worlds
00:01:01,worlds
00:01:01,worlds
00:01:01,worlds
00:01:01,worlds
00:01:01,worlds
00:01:01,worlds
00:01:01,worlds
00:01:01,worlds
00:01:01,worlds
00:01:01,worlds
00:01:01,worlds
00:01:01,worlds
00:01:01,worlds
00:01:01,worlds
00:01:01,worlds
00:01:01,worlds
00:01:01,worlds
00:01:01,worlds
00:01:01,worlds
00:01:01,worlds
00:01:01,worlds
00:01:01,worlds
00:01:01,worlds
00:01:01,worlds
00:01:01,worlds
00:01:01,worlds
00:01:01,worlds
00:01:01,worlds
00:01:01,worlds
00:01:01,worlds
00:01:01,worlds
00:01:01,worlds
00:01:01,worlds
00:01:01,worlds
00:01:01,worlds
00:01:01,worlds
00:01:01,worlds
00:01:01,worlds
00:01:01,worlds
00:01:01,worlds
00:01:01,worlds
00:01:01,worlds
00:01:01,worlds
00:01:01,worlds
00:01:01,worlds
00:01:01,worlds
00:01:01,worlds
00:01:01,worlds
00:01:01,worlds
00:01:01,worlds
00:01:01,worlds
00:01:01,worlds
00:01:01,worlds
00:01:01,worlds
00:01:01,worlds
00:01:01,worlds
00:01:01,worlds
00:01:01,worlds
00:01:01,worlds
00:01:01,worlds
00:01:01,worlds
00:01:01,worlds
00:01:01,worlds
00:01:01,worlds
00:01:01,worlds
00:01:01,worlds
00:01:01,worlds
00:01:01,worlds
00:01:01,worlds
00:01:01,worlds
00:01:01,worlds
00:01:01,worlds
00:01:01,worlds
00:01:01,worlds
00:01:01,worlds
00:01:01,worlds
00:01:01,worlds
00:01:01,worlds
00:01:01,worlds
00:01:01,worlds
00:01:01,worlds
00:01:01,worlds
00:01:01,worlds
00:01:01,worlds
00:01:01,worlds
00:01:01,worlds
00:01:01,worlds
00:01:01,worlds
00:01:01,worlds
00:01:01,worlds
00:01:01,worlds
00:01:01,worlds
00:01:01,worlds
00:01:01,worlds
00:01:01,worlds
00:01:01,worlds
00:01:01,worlds
00:01:01,worlds
00:01:01,worlds
00:01:01,worlds
00:01:01,worlds
00:01:01,worlds
00:01:01,worlds
00:01:01,worlds
00:01:01,worlds
00:01:01,worlds
00:01:01,worlds
00:01:01,worlds
00:01:01,worlds
00:01:01,worlds
00:01:01,worlds
00:01:01,worlds
00:01:01,worlds
00:01:01,worlds
00:01:01,worlds
00:01:01,worlds
00:01:01,worlds
00:01:01,worlds
00:01:01,worlds
00:01:01,worlds
00:01:01,worlds
00:01:01,worlds
00:01:01,worlds
00:01:01,worlds
00:01:01,worlds
00:01:01,worlds
00:01:01,worlds
00:01:01,worlds
00:01:01,worlds
00:01:01,worlds
00:01:01,worlds
00:01:01,worlds
00:01:01,worlds
00:01:01,worlds
00:01:01,worlds
00:01:01,worlds
00:01:01,worlds
00:01:01,worlds
00:01:01,worlds
00:01:01,worlds
00:01:01,worlds
00:01:01,worlds
00:01:01,worlds
00:01:01,worlds
00:01:01,worlds
00:01:01,worlds
00:01:01,worlds
00:01:01,worlds
00:01:01,worlds
00:01:01,worlds
00:01:01,worlds
00:01:01,worlds
00:01:01,worlds
00:01:01,worlds
00:01:01,worlds
00:01:01,worlds
00:01:01,worlds
00:01:01,worlds
00:01:01,worlds
00:01:01,worlds
00:01:01,worlds
00:01:01,worlds
00:01:01,worlds
00:01:01,worlds
00:01:01,worlds
00:01:01,worlds
00:01:01,worlds
00:01:01,worlds
00:01:01,worlds
00:01:01,worlds
00:01:01,worlds
00:01:01,worlds
00:01:01,worlds
00:01:01,worlds
00:01:01,worlds
00:01:01,worlds
00:01:01,worlds
00:01:01,worlds
00:01:01,worlds
00:01:01,worlds
00:01:01,worlds
00:01:01,worlds
00:01:01,worlds
00:01:01,worlds
00:01:01,worlds
00:01:01,worlds
00:01:01,worlds
00:01:01,worlds
00:01:01,worlds
00:01:01,worlds
00:01:01,worlds
00:01:01,worlds
00:01:01,worlds
00:01:01,worlds
00:01:01,worlds
00:01:01,worlds
00:01:01,worlds
00:01:01,worlds
00:01:01,worlds
00:01:01,worlds
00:01:01,worlds
00:01:01,worlds
00:01:01,worlds
00:01:01,worlds
00:01:01,worlds
00:01:01,worlds
00:01:01,worlds
00:01:01,worlds
00:01:01,worlds
00:01:01,worlds
00:01:01,worlds
00:01:01,worlds
00:01:01,worlds
00:01:01,worlds
00:01:01,worlds
00:01:01,worlds
00:01:01,worlds
00:01:01,worlds
00:01:01,worlds
00:01:01,worlds
00:01:01,worlds
00:01:01,worlds
00:01:01,worlds
00:01:01,worlds
00:01:01,worlds
00:01:01,worlds
00:01:01,worlds
00:01:01,worlds
00:01:01,worlds
00:01:01,worlds
00:01:01,worlds
00:01:01,worlds
00:01:01,worlds
00:01:01,worlds
00:01:01,worlds
00:01:01,worlds
00:01:01,worlds
00:01:01,worlds
00:01:01,worlds
00:01:01,worlds
00:01:01,worlds
00:01:01,worlds
00:01:01,worlds
00:01:01,worlds
00:01:01,worlds
00:01:01,worlds
00:01:01,worlds
00:01:01,worlds
00:01:01,worlds
00:01:01,worlds
00:01:01,worlds
00:01:01,worlds
00:01:01,worlds
00:01:01,worlds
00:01:01,worlds
00:01:01,worlds
00:01:01,worlds
00:01:01,worlds
00:01:01,worlds
00:01:01,worlds
00:01:01,worlds
00:01:01,worlds
00:01:01,worlds
00:01:01,worlds
00:01:01,worlds
00:01:01,worlds
00:01:01,worlds
00:01:01,worlds
00:01:01,worlds
00:01:01,worlds
00:01:01,worlds
00:01:01,worlds
00:01:01,worlds
00:01:01,worlds
00:01:01,worlds
00:01:01,worlds
00:01:01,worlds
00:01:01,worlds
00:01:01,worlds
00:01:01,worlds
00:01:01,worlds
00:01:01,worlds
00:01:01,worlds
00:01:01,worlds
00:01:01,worlds
00:01:01,worlds
00:01:01,worlds
00:01:01,worlds
00:01:01,worlds
00:01:01,worlds
00:01:01,worlds
00:01:01,worlds
00:01:01,worlds
00:01:01,worlds
00:01:01,worlds
00:01:01,worlds
00:01:01,worlds
00:01:01,worlds
00:01:01,worlds
00:01:01,worlds
00:01:01,worlds
00:01:01,worlds
00:01:01,worlds
00:01:01,worlds
00:01:01,worlds
00:01:01,worlds
00:01:01,worlds
00:01:01,worlds
00:01:01,worlds
00:01:01,worlds
00:01:01,worlds
00:01:01,worlds
00:01:01,worlds
00:01:01,worlds
00:01:01,worlds
00:01:01,worlds
00:01:01,worlds
00:01:01,worlds
00:01:01,worlds
00:01:01,worlds
00:01:01,worlds
00:01:01,worlds
00:01:01,worlds
00:01:01,worlds
00:01:01,worlds
00:01:01,worlds
00:01:01,worlds
00:01:01,worlds
00:01:01,worlds
00:01:01,worlds
00:01:01,worlds
00:01:01,worlds
00:01:01,worlds
00:01:01,worlds
00:01:01,worlds
00:01:01,worlds
00:01:01,worlds
00:01:01,worlds
00:01:01,worlds
00:01:01,worlds
00:01:01,worlds
00:01:01,worlds
00:01:01,worlds
00:01:01,worlds
00:01:01,worlds
00:01:01,worlds
00:01:01,worlds
00:01:01,worlds
00:01:01,worlds
00:01:01,worlds
00:01:01,worlds
00:01:01,worlds
00:01:01,worlds
00:01:01,worlds
00:01:01,worlds
00:01:01,worlds
00:01:01,worlds
00:01:01,worlds
00:01:01,worlds
00:01:01,worlds
00:01:01,worlds
00:01:01,worlds
00:01:01,worlds
00:01:01,worlds
00:01:01,worlds
00:01:01,worlds
00:01:01,worlds
00:01:01,worlds
00:01:01,worlds
00:01:01,worlds
00:01:01,worlds
00:01:01,worlds
00:01:01,worlds
00:01:01,worlds
00:01:01,worlds
00:01:01,worlds
00:01:01,worlds
00:01:01,worlds
00:01:01,worlds
00:01:01,worlds
00:01:01,worlds
00:01:01,worlds
00:01:01,worlds
00:01:01,worlds
00:01:01,worlds
00:01:01,worlds
00:01:01,worlds
00:01:01,worlds
00:01:01,worlds
00:01:01,worlds
00:01:01,worlds
00:01:01,worlds
00:01:01,worlds
00:01:01,worlds
00:01:01,worlds
00:01:01,worlds
00:01:01,worlds
00:01:01,worlds
00:01:01,worlds
00:01:01,worlds
00:01:01,worlds
00:01:01,worlds
00:01:01,worlds
00:01:01,worlds
00:01:01,worlds
00:01:01,worlds
00:01:01,worlds
00:01:01,worlds
00:01:01,worlds
00:01:01,worlds
00:01:01,worlds
00:01:01,worlds
00:01:01,worlds
00:01:01,worlds
00:01:01,worlds
00:01:01,worlds
00:01:01,worlds
00:01:01,worlds
00:01:01,worlds
00:01:01,worlds
00:01:01,worlds
00:01:01,worlds
00:01:01,worlds
00:01:01,worlds
00:01:01,worlds
00:01:01,worlds
00:01:01,worlds
00:01:01,worlds
00:01:01,worlds
00:01:01,worlds
00:01:01,worlds
00:01:01,worlds
00:01:01,worlds
00:01:01,worlds
00:01:01,worlds
00:01:01,worlds
00:01:01,worlds
00:01:01,worlds
00:01:01,worlds
00:01:01,worlds
00:01:01,worlds
00:01:01,worlds
00:01:01,worlds
00:01:01,worlds
00:01:01,worlds
00:01:01,worlds
00:01:01,worlds
00:01:01,worlds
00:01:01,worlds
00:01:01,worlds
00:01:01,worlds
00:01:01,worlds
00:01:01,worlds
00:01:01,worlds
00:01:01,worlds
00:01:01,worlds
00:01:01,worlds
00:01:01,worlds
00:01:01,worlds
00:01:01,worlds
00:01:01,worlds
00:01:01,worlds
00:01:01,worlds
00:01:01,worlds
00:01:01,worlds
00:01:01,worlds
00:01:01,worlds
00:01:01,worlds
00:01:01,worlds
00:01:01,worlds
00:01:01,worlds
00:01:01,worlds
00:01:01,worlds
00:01:01,worlds
00:01:01,worlds
00:01:01,worlds
00:01:01,worlds
00:01:01,worlds
00:01:01,worlds
00:01:01,worlds
00:01:01,worlds
00:01:01,worlds
00:01:01,worlds
00:01:01,worlds
00:01:01,worlds
00:01:01,worlds
00:01:01,worlds
00:01:01,worlds
00:01:01,worlds
00:01:01,worlds
00:01:01,worlds
00:01:01,worlds
00:01:01,worlds
00:01:01,worlds
00:01:01,worlds
00:01:01,worlds
00:01:01,worlds
00:01:01,worlds
00:01:01,worlds
00:01:01,worlds
00:01:01,worlds
00:01:01,worlds
00:01:01,worlds
00:01:01,worlds
00:01:01,worlds
00:01:01,worlds
00:01:01,worlds
00:01:01,worlds
00:01:01,worlds
00:01:01,worlds
00:01:01,worlds
00:01:01,worlds
00:01:01,worlds
00:01:01,worlds
00:01:01,worlds
00:01:01,worlds
00:01:01,worlds
00:01:01,worlds
00:01:01,worlds
00:01:01,worlds
00:01:01,worlds
00:01:01,worlds
00:01:01,worlds
00:01:01,worlds
00:01:01,worlds
00:01:01,worlds
00:01:01,worlds
00:01:01,worlds
00:01:01,worlds
00:01:01,worlds
00:01:01,worlds
00:01:01,worlds
00:01:01,worlds
00:01:01,worlds
00:01:01,worlds
00:01:01,worlds
00:01:01,worlds
00:01:01,worlds
00:01:01,worlds
00:01:01,worlds
00:01:01,worlds
00:01:01,worlds
00:01:01,worlds
00:01:01,worlds
00:01:01,worlds
00:01:01,worlds
00:01:01,worlds
00:01:01,worlds
00:01:01,worlds
00:01:01,worlds
00:01:01,worlds
00:01:01,worlds
00:01:01,worlds
00:01:01,worlds
00:01:01,worlds
00:01:01,worlds
00:01:01,worlds
00:01:01,worlds
00:01:01,worlds
00:01:01,worlds
00:01:01,worlds
00:01:01,worlds
00:01:01,worlds
00:01:01,worlds
00:01:01,worlds
00:01:01,worlds
00:01:01,worlds
00:01:01,worlds
00:01:01,worlds
00:01:01,worlds
00:01:01,worlds
00:01:01,worlds
00:01:01,worlds
00:01:01,worlds
00:01:01,worlds
00:01:01,worlds
00:01:01,worlds
00:01:01,worlds
00:01:01,worlds
00:01:01,worlds
00:01:01,worlds
00:01:01,worlds
00:01:01,worlds
00:01:01,worlds
00:01:01,worlds
00:01:01,worlds
00:01:01,worlds
00:01:01,worlds
00:01:01,worlds
00:01:01,worlds
00:01:01,worlds
00:01:01,worlds
00:01:01,worlds
00:01:01,worlds
00:01:01,worlds
00:01:01,worlds
00:01:01,worlds
00:01:01,worlds
00:01:01,worlds
00:01:01,worlds
00:01:01,worlds
00:01:01,worlds
00:01:01,worlds
00:01:01,worlds
00:01:01,worlds
00:01:01,worlds
00:01:01,worlds
00:01:01,worlds
00:01:01,worlds
00:01:01,worlds
00:01:01,worlds
00:01:01,worlds
00:01:01,worlds
00:01:01,worlds
00:01:01,worlds
00:01:01,worlds
00:01:01,worlds
00:01:01,worlds
00:01:01,worlds
00:01:01,worlds
00:01:01,worlds
00:01:01,worlds
00:01:01,worlds
00:01:01,worlds
00:01:01,worlds
00:01:01,worlds
00:01:01,worlds
00:01:01,worlds
00:01:01,worlds
00:01:01,worlds
00:01:01,worlds
00:01:01,worlds
00:01:01,worlds
00:01:01,worlds
00:01:01,worlds
00:01:01,worlds
00:01:01,worlds
00:01:01,worlds
00:01:01,worlds
00:01:01,worlds
00:01:01,worlds
00:01:01,worlds
00:01:01,worlds
00:01:01,worlds
00:01:01,worlds
00:01:01,worlds
00:01:01,worlds
00:01:01,worlds
00:01:01,worlds
00:01:01,worlds
00:01:01,worlds
00:01:01,worlds
00:01:01,worlds
00:01:01,worlds
00:01:01,worlds
00:01:01,worlds
00:01:01,worlds
00:01:01,worlds
00:01:01,worlds
00:01:01,worlds
00:01:01,worlds
00:01:01,worlds
00:01:01,worlds
00:01:01,worlds
00:01:01,worlds
00:01:01,worlds
00:01:01,worlds
00:01:01,worlds
00:01:01,worlds
00:01:01,worlds
00:01:01,worlds
00:01:01,worlds
00:01:01,worlds
00:01:01,worlds
00:01:01,worlds
00:01:01,worlds
00:01:01,worlds
00:01:01,worlds
00:01:01,worlds
00:01:01,worlds
00:01:01,worlds
00:01:01,worlds
00:01:01,worlds
00:01:01,worlds
00:01:01,worlds
00:01:01,worlds
00:01:01,worlds
00:01:01,worlds
00:01:01,worlds
00:01:01,worlds
00:01:01,worlds
00:01:01,worlds
00:01:01,worlds
00:01:01,worlds
00:01:01,worlds
00:01:01,worlds
00:01:01,worlds
00:01:01,worlds
00:01:01,worlds
00:01:01,worlds
00:01:01,worlds
00:01:01,worlds
00:01:01,worlds
00:01:01,worlds
00:01:01,worlds
00:01:01,worlds
00:01:01,worlds
00:01:01,worlds
00:01:01,worlds
00:01:01,worlds
00:01:01,worlds
00:01:01,worlds
00:01:01,worlds
00:01:01,worlds
00:01:01,worlds
00:01:01,worlds
00:01:01,worlds
00:01:01,worlds
00:01:01,worlds
00:01:01,worlds
00:01:01,worlds
00:01:01,worlds
00:01:01,worlds
00:01:01,worlds
00:01:01,worlds
00:01:01,worlds
00:01:01,worlds
00:01:01,worlds
00:01:01,worlds
00:01:01,worlds
00:01:01,worlds
00:01:01,worlds
00:01:01,worlds
00:01:01,worlds
00:01:01,worlds
00:01:01,worlds
00:01:01,worlds
00:01:01,worlds
00:01:01,worlds
00:01:01,worlds
00:01:01,worlds
00:01:01,worlds
00:01:01,worlds
00:01:01,worlds
00:01:01,worlds
00:01:01,worlds
00:01:01,worlds
00:01:01,worlds
00:01:01,worlds
00:01:01,worlds
00:01:01,worlds
00:01:01,worlds
00:01:01,worlds
00:01:01,worlds
00:01:01,worlds
00:01:01,worlds
00:01:01,worlds
00:01:01,worlds
00:01:01,worlds
00:01:01,worlds
00:01:01,worlds
00:01:01,worlds
00:01:01,worlds
00:01:01,worlds
00:01:01,worlds
00:01:01,worlds
00:01:01,worlds
00:01:01,worlds
00:01:01,worlds
00:01:01,worlds
00:01:01,worlds
00:01:01,worlds
00:01:01,worlds
00:01:01,worlds
00:01:01,worlds
00:01:01,worlds
00:01:01,worlds
00:01:01,worlds
00:01:01,worlds
00:01:01,worlds
00:01:01,worlds
00:01:01,worlds
00:01:01,worlds
00:01:01,worlds
00:01:01,worlds
00:01:01,worlds
00:01:01,worlds
00:01:01,worlds
00:01:01,worlds
00:01:01,worlds
00:01:01,worlds
00:01:01,worlds
00:01:01,worlds
00:01:01,worlds
00:01:01,worlds
00:01:01,worlds
00:01:01,worlds
00:01:01,worlds
00:01:01,worlds
00:01:01,worlds
00:01:01,worlds
00:01:01,worlds
00:01:01,worlds
00:01:01,worlds
00:01:01,worlds
00:01:01,worlds
00:01:01,worlds
00:01:01,worlds
00:01:01,worlds
00:01:01,worlds
00:01:01,worlds
00:01:01,worlds
00:01:01,worlds
00:01:01,worlds
00:01:01,worlds
00:01:01,worlds
00:01:01,worlds
00:01:01,worlds
00:01:01,worlds
00:01:01,worlds
00:01:01,worlds
00:01:01,worlds
00:01:01,worlds
00:01:01,worlds
00:01:01,worlds
00:01:01,worlds
00:01:01,worlds
00:01:01,worlds
00:01:01,worlds
00:01:01,worlds
00:01:01,worlds
00:01:01,worlds
00:01:01,worlds
00:01:01,worlds
00:01:01,worlds
00:01:01,worlds
00:01:01,worlds
00:01:01,worlds
00:01:01,worlds
00:01:01,worlds
00:01:01,worlds
00:01:01,worlds
00:01:01,worlds
00:01:01,worlds
00:01:01,worlds
00:01:01,worlds
00:01:01,worlds
00:01:01,worlds
00:01:01,worlds
00:01:01,worlds
00:01:01,worlds
00:01:01,worlds
00:01:01,worlds
00:01:01,worlds
00:01:01,worlds
00:01:01,worlds
00:01:01,worlds
00:01:01,worlds
00:01:01,worlds
00:01:01,worlds
00:01:01,worlds
00:01:01,worlds
00:01:01,worlds
00:01:01,worlds
00:01:01,worlds
00:01:01,worlds
00:01:01,worlds
00:01:01,worlds
00:01:01,worlds
00:01:01,worlds
00:01:01,worlds
00:01:01,worlds
00:01:01,worlds
00:01:01,worlds
00:01:01,worlds
00:01:01,worlds
00:01:01,worlds
00:01:01,worlds
00:01:01,worlds
00:01:01,worlds
00:01:01,worlds
00:01:01,worlds
00:01:01,worlds
00:01:01,worlds
00:01:01,worlds
00:01:01,worlds
00:01:01,worlds
00:01:01,worlds
00:01:01,worlds
00:01:01,worlds
00:01:01,worlds
00:01:01,worlds
00:01:01,worlds
00:01:01,worlds
00:01:01,worlds
00:01:01,worlds
00:01:01,worlds
00:01:01,worlds
00:01:01,worlds
00:01:01,worlds
00:01:01,worlds
00:01:01,worlds
00:01:01,worlds
00:01:01,worlds
00:01:01,worlds
00:01:01,worlds
00:01:01,worlds
00:01:01,worlds
00:01:01,worlds
00:01:01,worlds
00:01:01,worlds
00:01:01,worlds
00:01:01,worlds
00:01:01,worlds
00:01:01,worlds
00:01:01,worlds
00:01:01,worlds
00:01:01,worlds
00:01:01,worlds
00:01:01,worlds
00:01:01,worlds
00:01:01,worlds
00:01:01,worlds
00:01:01,worlds
00:01:01,worlds
00:01:01,worlds
00:01:01,worlds
00:01:01,worlds
00:01:01,worlds
00:01:01,worlds
00:01:01,worlds
00:01:01,worlds
00:01:01,worlds
00:01:01,worlds
00:01:01,worlds
00:01:01,worlds
00:01:01,worlds
00:01:01,worlds
00:01:01,worlds
00:01:01,worlds
00:01:01,worlds
00:01:01,worlds
00:01:01,worlds
00:01:01,worlds
00:01:01,worlds
00:01:01,worlds
00:01:01,worlds
00:01:01,worlds
00:01:01,worlds
00:01:01,worlds
00:01:01,worlds
00:01:01,worlds
00:01:01,worlds
00:01:01,worlds
00:01:01,worlds
00:01:01,worlds
00:01:01,worlds
00:01:01,worlds
00:01:01,worlds
00:01:01,worlds
00:01:01,worlds
00:01:01,worlds
00:01:01,worlds
00:01:01,worlds
00:01:01,worlds
00:01:01,worlds
00:01:01,worlds
00:01:01,worlds
00:01:01,worlds
00:01:01,worlds
00:01:01,worlds
00:01:01,worlds
00:01:01,worlds
00:01:01,worlds
00:01:01,worlds
00:01:01,worlds
00:01:01,worlds
00:01:01,worlds
00:01:01,worlds
00:01:01,worlds
00:01:01,worlds
00:01:01,worlds
00:01:01,worlds
00:01:01,worlds
00:01:01,worlds
00:01:01,worlds
00:01:01,worlds
00:01:01,worlds
00:01:01,worlds
00:01:01,worlds
00:01:01,worlds
00:01:01,worlds
00:01:01,worlds
00:01:01,worlds
00:01:01,worlds
00:01:01,worlds
00:01:01,worlds
00:01:01,worlds
00:01:01,worlds
00:01:01,worlds
00:01:01,worlds
00:01:01,worlds
00:01:01,worlds
00:01:01,worlds
00:01:01,worlds
00:01:01,worlds
00:01:01,worlds
00:01:01,worlds
00:01:01,worlds
00:01:01,worlds
00:01:01,worlds
00:01:01,worlds
00:01:01,worlds
00:01:01,worlds
00:01:01,worlds
00:01:01,worlds
00:01:01,worlds
00:01:01,worlds
00:01:01,worlds
00:01:01,worlds
00:01:01,worlds
00:01:01,worlds
00:01:01,worlds
00:01:01,worlds
00:01:01,worlds
00:01:01,worlds
00:01:01,worlds
00:01:01,worlds
00:01:01,worlds
00:01:01,worlds
00:01:01,worlds
00:01:01,worlds
00:01:01,worlds
00:01:01,worlds
00:01:01,worlds
00:01:01,worlds
00:01:01,worlds
00:01:01,worlds
00:01:01,worlds
00:01:01,worlds
00:01:01,worlds
00:01:01,worlds
00:01:01,worlds
00:01:01,worlds
00:01:01,worlds
00:01:01,worlds
00:01:01,worlds
00:01:01,worlds
00:01:01,worlds
00:01:01,worlds
00:01:01,worlds
00:01:01,worlds
00:01:01,worlds
00:01:01,worlds
00:01:01,worlds
00:01:01,worlds
00:01:01,worlds
00:01:01,worlds
00:01:01,worlds
00:01:01,worlds
00:01:01,worlds
00:01:01,worlds
00:01:01,worlds
00:01:01,worlds
00:01:01,worlds
00:01:01,worlds
00:01:01,worlds
00:01:01,worlds
00:01:01,worlds
00:01:01,worlds
00:01:01,worlds
00:01:01,worlds
00:01:01,worlds
00:01:01,worlds
00:01:01,worlds
00:01:01,worlds
00:01:01,worlds
00:01:01,worlds
00:01:01,worlds
00:01:01,worlds
00:01:01,worlds
00:01:01,worlds
00:01:01,worlds
00:01:01,worlds
00:01:01,worlds
00:01:01,worlds
00:01:01,worlds
00:01:01,worlds
00:01:01,worlds
00:01:01,worlds
00:01:01,worlds
00:01:01,worlds
00:01:01,worlds
00:01:01,worlds
00:01:01,worlds
00:01:01,worlds
00:01:01,worlds
00:01:01,worlds
00:01:01,worlds
00:01:01,worlds
00:01:01,worlds
00:01:01,worlds
00:01:01,worlds
00:01:01,worlds
00:01:01,worlds
00:01:01,worlds
00:01:01,worlds
00:01:01,worlds
00:01:01,worlds
00:01:01,worlds
00:01:01,worlds
00:01:01,worlds
00:01:01,worlds
00:01:01,worlds
00:01:01,worlds
00:01:01,worlds
00:01:01,worlds
00:01:01,worlds
00:01:01,worlds
00:01:01,worlds
00:01:01,worlds
00:01:01,worlds
00:01:01,worlds
00:01:01,worlds
00:01:01,worlds
00:01:01,worlds
00:01:01,worlds
00:01:01,worlds
00:01:01,worlds
00:01:01,worlds
00:01:01,worlds
00:01:01,worlds
00:01:01,worlds
00:01:01,worlds
00:01:01,worlds
00:01:01,worlds
00:01:01,worlds
00:01:01,worlds
00:01:01,worlds
00:01:01,worlds
00:01:01,worlds
00:01:01,worlds
00:01:01,worlds
00:01:01,worlds
00:01:01,worlds
00:01:01,worlds
00:01:01,worlds
00:01:01,worlds
00:01:01,worlds
00:01:01,worlds
00:01:01,worlds
00:01:01,worlds
00:01:01,worlds
00:01:01,worlds
00:01:01,worlds
00:01:01,worlds
00:01:01,worlds
00:01:01,worlds
00:01:01,worlds
00:01:01,worlds
00:01:01,worlds
00:01:01,worlds
00:01:01,worlds
00:01:01,worlds
00:01:01,worlds
00:01:01,worlds
00:01:01,worlds
00:01:01,worlds
00:01:01,worlds
00:01:01,worlds
00:01:01,worlds
00:01:01,worlds
00:01:01,worlds
00:01:01,worlds
00:01:01,worlds
00:01:01,worlds
00:01:01,worlds
00:01:01,worlds
00:01:01,worlds
00:01:01,worlds
00:01:01,worlds
00:01:01,worlds
00:01:01,worlds
00:01:01,worlds
00:01:01,worlds
00:01:01,worlds
00:01:01,worlds
00:01:01,worlds
00:01:01,worlds
00:01:01,worlds
00:01:01,worlds
00:01:01,worlds
00:01:01,worlds
00:01:01,worlds
00:01:01,worlds
00:01:01,worlds
00:01:01,worlds
00:01:01,worlds
00:01:01,worlds
00:01:01,worlds
00:01:01,worlds
00:01:01,worlds
00:01:01,worlds
00:01:01,worlds
00:01:01,worlds
00:01:01,worlds
00:01:01,worlds
00:01:01,worlds
00:01:01,worlds
00:01:01,worlds
00:01:01,worlds
00:01:01,worlds
00:01:01,worlds
00:01:01,worlds
00:01:01,worlds
00:01:01,worlds
00:01:01,worlds
00:01:01,worlds
00:01:01,worlds
00:01:01,worlds
00:01:01,worlds
00:01:01,worlds
00:01:01,worlds
00:01:01,worlds
00:01:01,worlds
00:01:01,worlds
00:01:01,worlds
00:01:01,worlds
00:01:01,worlds
00:01:01,worlds
00:01:01,worlds
00:01:01,worlds
00:01:01,worlds
00:01:01,worlds
00:01:01,worlds
00:01:01,worlds
00:01:01,worlds
00:01:01,worlds
00:01:01,worlds
00:01:01,worlds
00:01:01,worlds
00:01:01,worlds
00:01:01,worlds
00:01:01,worlds
00:01:01,worlds
00:01:01,worlds
00:01:01,worlds
00:01:01,worlds
00:01:01,worlds
00:01:01,worlds
00:01:01,worlds
00:01:01,worlds
00:01:01,worlds
00:01:01,worlds
00:01:01,worlds
00:01:01,worlds
00:01:01,worlds
00:01:01,worlds
00:01:01,worlds
00:01:01,worlds
00:01:01,worlds
00:01:01,worlds
00:01:01,worlds
00:01:01,worlds
00:01:01,worlds
00:01:01,worlds
00:01:01,worlds
00:01:01,worlds
00:01:01,worlds
00:01:01,worlds
00:01:01,worlds
00:01:01,worlds
00:01:01,worlds
00:01:01,worlds
00:01:01,worlds
00:01:01,worlds
00:01:01,worlds
00:01:01,worlds
00:01:01,worlds
00:01:01,worlds
00:01:01,worlds
00:01:01,worlds
00:01:01,worlds
00:01:01,worlds
00:01:01,worlds
00:01:01,worlds
00:01:01,worlds
00:01:01,worlds
00:01:01,worlds
00:01:01,worlds
00:01:01,worlds
00:01:01,worlds
00:01:01,worlds
00:01:01,worlds
00:01:01,worlds
00:01:01,worlds
00:01:01,worlds
00:01:01,worlds
00:01:01,worlds
00:01:01,worlds
00:01:01,worlds
00:01:01,worlds
00:01:01,worlds
00:01:01,worlds
00:01:01,worlds
00:01:01,worlds
00:01:01,worlds
00:01:01,worlds
00:01:01,worlds
00:01:01,worlds
00:01:01,worlds
00:01:01,worlds
00:01:01,worlds
00:01:01,worlds
00:01:01,worlds
00:01:01,worlds
00:01:01,worlds
00:01:01,worlds
00:01:01,worlds
00:01:01,worlds
00:01:01,worlds
00:01:01,worlds
00:01:01,worlds
00:01:01,worlds
00:01:01,worlds
00:01:01,worlds
00:01:01,worlds
00:01:01,worlds
00:01:01,worlds
00:01:01,worlds
00:01:01,worlds
00:01:01,worlds
00:01:01,worlds
00:01:01,worlds
00:01:01,worlds
00:01:01,worlds
00:01:01,worlds
00:01:01,worlds
00:01:01,worlds
00:01:01,worlds
00:01:01,worlds
00:01:01,worlds
00:01:01,worlds
00:01:01,worlds
00:01:01,worlds
00:01:01,worlds
00:01:01,worlds
00:01:01,worlds
00:01:01,worlds
00:01:01,worlds
00:01:01,worlds
00:01:01,worlds
00:01:01,worlds
00:01:01,worlds
00:01:01,worlds
00:01:01,worlds
00:01:01,worlds
00:01:01,worlds
00:01:01,worlds
00:01:01,worlds
00:01:01,worlds
00:01:01,worlds
00:01:01,worlds
00:01:01,worlds
00:01:01,worlds
00:01:01,worlds
00:01:01,worlds
00:01:01,worlds
00:01:01,worlds
00:01:01,worlds
00:01:01,worlds
00:01:01,worlds
00:01:01,worlds
00:01:01,worlds
00:01:01,worlds
00:01:01,worlds
00:01:01,worlds
00:01:01,worlds
00:01:01,worlds
00:01:01,worlds
00:01:01,worlds
00:01:01,worlds
00:01:01,worlds
00:01:01,worlds
00:01:01,worlds
00:01:01,worlds
00:01:01,worlds
00:01:01,worlds
00:01:01,worlds
00:01:01,worlds
00:01:01,worlds
00:01:01,worlds
00:01:01,worlds
00:01:01,worlds
00:01:01,worlds
00:01:01,worlds
00:01:01,worlds
00:01:01,worlds
00:01:01,worlds
00:01:01,worlds
00:01:01,worlds
00:01:01,worlds
00:01:01,worlds
00:01:01,worlds
00:01:01,worlds
00:01:01,worlds
00:01:01,worlds
00:01:01,worlds
00:01:01,worlds
00:01:01,worlds
00:01:01,worlds
00:01:01,worlds
00:01:01,worlds
00:01:01,worlds
00:01:01,worlds
00:01:01,worlds
00:01:01,worlds
00:01:01,worlds
00:01:01,worlds
00:01:01,worlds
00:01:01,worlds
00:01:01,worlds
00:01:01,worlds
00:01:01,worlds
00:01:01,worlds
00:01:01,worlds
00:01:01,worlds
00:01:01,worlds
00:01:01,worlds
00:01:01,worlds
00:01:01,worlds
00:01:01,worlds
00:01:01,worlds
00:01:01,worlds
00:01:01,worlds
00:01:01,worlds
00:01:01,worlds
00:01:01,worlds
00:01:01,worlds
00:01:01,worlds
00:01:01,worlds
00:01:01,worlds
00:01:01,worlds
00:01:01,worlds
00:01:01,worlds
00:01:01,worlds
00:01:01,worlds
00:01:01,worlds
00:01:01,worlds
00:01:01,worlds
00:01:01,worlds
00:01:01,worlds
00:01:01,worlds
00:01:01,worlds
00:01:01,worlds
00:01:01,worlds
00:01:01,worlds
00:01:01,worlds
00:01:01,worlds
00:01:01,worlds
00:01:01,worlds
00:01:01,worlds
00:01:01,worlds
00:01:01,worlds
00:01:01,worlds
00:01:01,worlds
00:01:01,worlds
00:01:01,worlds
00:01:01,worlds
00:01:01,worlds
00:01:01,worlds
00:01:01,worlds
00:01:01,worlds
00:01:01,worlds
00:01:01,worlds
00:01:01,worlds
00:01:01,worlds
00:01:01,worlds
00:01:01,worlds
00:01:01,worlds
00:01:01,worlds
00:01:01,worlds
00:01:01,worlds
00:01:01,worlds
00:01:01,worlds
00:01:01,worlds
00:01:01,worlds
00:01:01,worlds
00:01:01,worlds
00:01:01,worlds
00:01:01,worlds
00:01:01,worlds
00:01:01,worlds
00:01:01,worlds
00:01:01,worlds
00:01:01,worlds
00:01:01,worlds
00:01:01,worlds
00:01:01,worlds
00:01:01,worlds
00:01:01,worlds
00:01:01,worlds
00:01:01,worlds
00:01:01,worlds
00:01:01,worlds
00:01:01,worlds
00:01:01,worlds
00:01:01,worlds
00:01:01,worlds
00:01:01,worlds
00:01:01,worlds
00:01:01,worlds
00:01:01,worlds
00:01:01,worlds
00:01:01,worlds
00:01:01,worlds
00:01:01,worlds
00:01:01,worlds
00:01:01,worlds
00:01:01,worlds
00:01:01,worlds
00:01:01,worlds
00:01:01,worlds
00:01:01,worlds
00:01:01,worlds
00:01:01,worlds
00:01:01,worlds
00:01:01,worlds
00:01:01,worlds
00:01:01,worlds
00:01:01,worlds
00:01:01,worlds
00:01:01,worlds
00:01:01,worlds
00:01:01,worlds
00:01:01,worlds
00:01:01,worlds
00:01:01,worlds
00:01:01,worlds
00:01:01,worlds
00:01:01,worlds
00:01:01,worlds
00:01:01,worlds
00:01:01,worlds
00:01:01,worlds
00:01:01,worlds
00:01:01,worlds
00:01:01,worlds
00:01:01,worlds
00:01:01,worlds
00:01:01,worlds
00:01:01,worlds
00:01:01,worlds
00:01:01,worlds
00:01:01,worlds
00:01:01,worlds
00:01:01,worlds
00:01:01,worlds
00:01:01,worlds
00:01:01,worlds
00:01:01,worlds
00:01:01,worlds
00:01:01,worlds
00:01:01,worlds
00:01:01,worlds
00:01:01,worlds
00:01:01,worlds
00:01:01,worlds
00:01:01,worlds
00:01:01,worlds
00:01:01,worlds
00:01:01,worlds
00:01:01,worlds
00:01:01,worlds
00:01:01,worlds
00:01:01,worlds
00:01:01,worlds
00:01:01,worlds
00:01:01,worlds
00:01:01,worlds
00:01:01,worlds
00:01:01,worlds
00:01:01,worlds
00:01:01,worlds
00:01:01,worlds
00:01:01,worlds
00:01:01,worlds
00:01:01,worlds
00:01:01,worlds
00:01:01,worlds
00:01:01,worlds
bla,worlds
00:01:01,worlds
00:01:01,worlds
00:01:01,worlds
00:01:01,worlds
00:01:01,worlds
00:01:01,worlds
00:01:01,worlds
00:01:01,worlds
00:01:01,worlds
00:01:01,worlds
00:01:01,worlds
00:01:01,worlds
00:01:01,worlds
00:01:01,worlds
00:01:01,worlds
00:01:01,worlds
00:01:01,worlds
00:01:01,worlds
00:01:01,worlds
00:01:01,worlds
00:01:01,worlds
00:01:01,worlds
00:01:01,worlds
00:01:01,worlds
00:01:01,worlds
00:01:01,worlds
00:01:01,worlds
00:01:01,worlds
00:01:01,worlds
00:01:01,worlds
00:01:01,worlds
00:01:01,worlds
00:01:01,worlds
00:01:01,worlds
00:01:01,worlds
00:01:01,worlds
00:01:01,worlds
00:01:01,worlds
00:01:01,worlds
00:01:01,worlds
00:01:01,worlds
00:01:01,worlds
00:01:01,worlds
00:01:01,worlds
00:01:01,worlds
00:01:01,worlds
00:01:01,worlds
00:01:01,worlds
00:01:01,worlds
00:01:01,worlds
00:01:01,worlds
00:01:01,worlds
00:01:01,worlds
00:01:01,worlds
00:01:01,worlds
00:01:01,worlds
00:01:01,worlds
00:01:01,worlds
00:01:01,worlds
00:01:01,worlds
00:01:01,worlds
00:01:01,worlds
00:01:01,worlds
00:01:01,worlds
00:01:01,worlds
00:01:01,worlds
00:01:01,worlds
00:01:01,worlds
00:01:01,worlds
00:01:01,worlds
00:01:01,worlds
00:01:01,worlds
00:01:01,worlds
00:01:01,worlds
00:01:01,worlds
00:01:01,worlds
00:01:01,worlds
00:01:01,worlds
00:01:01,worlds
00:01:01,worlds
00:01:01,worlds
00:01:01,worlds
00:01:01,worlds
00:01:01,worlds
00:01:01,worlds
00:01:01,worlds
00:01:01,worlds
00:01:01,worlds
00:01:01,worlds
00:01:01,worlds
00:01:01,worlds
00:01:01,worlds
00:01:01,worlds
00:01:01,worlds
00:01:01,worlds
00:01:01,worlds
00:01:01,worlds
00:01:01,worlds
00:01:01,worlds
00:01:01,worlds
